#EXTINF:-1 group-title="ALL- LISTS" tvg-logo="https://flagpedia.net/data/flags/h80/.png", Afghanistan
#EXTVLCOPT:http-player-type=m3u
https://iptv-org.github.io/iptv/countries/af.m3u
#EXTINF:-1 group-title="ALL- LISTS" tvg-logo="https://flagpedia.net/data/flags/h80/.png", Albania
#EXTVLCOPT:http-player-type=m3u
https://iptv-org.github.io/iptv/countries/al.m3u
#EXTINF:-1 group-title="ALL- LISTS" tvg-logo="https://flagpedia.net/data/flags/h80/.png", Algeria
#EXTVLCOPT:http-player-type=m3u
https://iptv-org.github.io/iptv/countries/dz.m3u
#EXTINF:-1 group-title="ALL- LISTS" tvg-logo="https://flagpedia.net/data/flags/h80/.png", Samoa
#EXTVLCOPT:http-player-type=m3u
https://iptv-org.github.io/iptv/countries/as.m3u
#EXTINF:-1 group-title="ALL- LISTS" tvg-logo="https://flagpedia.net/data/flags/h80/.png", Andorra
#EXTVLCOPT:http-player-type=m3u
https://iptv-org.github.io/iptv/countries/ad.m3u
#EXTINF:-1 group-title="ALL- LISTS" tvg-logo="https://flagpedia.net/data/flags/h80/.png", Angola
#EXTVLCOPT:http-player-type=m3u
https://iptv-org.github.io/iptv/countries/ao.m3u
#EXTINF:-1 group-title="ALL- LISTS" tvg-logo="https://flagpedia.net/data/flags/h80/.png", Anguilla
#EXTVLCOPT:http-player-type=m3u
https://iptv-org.github.io/iptv/countries/ai.m3u
#EXTINF:-1 group-title="ALL- LISTS" tvg-logo="https://flagpedia.net/data/flags/h80/.png", Barbuda
#EXTVLCOPT:http-player-type=m3u
https://iptv-org.github.io/iptv/countries/ag.m3u
#EXTINF:-1 group-title="ALL- LISTS" tvg-logo="https://flagpedia.net/data/flags/h80/.png", Argentina
#EXTVLCOPT:http-player-type=m3u
https://iptv-org.github.io/iptv/countries/ar.m3u
#EXTINF:-1 group-title="ALL- LISTS" tvg-logo="https://flagpedia.net/data/flags/h80/eno.png", Aires
#EXTVLCOPT:http-player-type=m3u
https://iptv-org.github.io/iptv/subdivisions/ar-b.m3u
#EXTINF:-1 group-title="ALL- LISTS" tvg-logo="https://flagpedia.net/data/flags/h80/tamarc.png", Catamarca
#EXTVLCOPT:http-player-type=m3u
https://iptv-org.github.io/iptv/subdivisions/ar-k.m3u
#EXTINF:-1 group-title="ALL- LISTS" tvg-logo="https://flagpedia.net/data/flags/h80/ac.png", Chaco
#EXTVLCOPT:http-player-type=m3u
https://iptv-org.github.io/iptv/subdivisions/ar-h.m3u
#EXTINF:-1 group-title="ALL- LISTS" tvg-logo="https://flagpedia.net/data/flags/h80/ubu.png", Chubut
#EXTVLCOPT:http-player-type=m3u
https://iptv-org.github.io/iptv/subdivisions/ar-u.m3u
#EXTINF:-1 group-title="ALL- LISTS" tvg-logo="https://flagpedia.net/data/flags/h80/uda.png", Aires
#EXTVLCOPT:http-player-type=m3u
https://iptv-org.github.io/iptv/subdivisions/ar-c.m3u
#EXTINF:-1 group-title="ALL- LISTS" tvg-logo="https://flagpedia.net/data/flags/h80/rdob.png", Cordoba
#EXTVLCOPT:http-player-type=m3u
https://iptv-org.github.io/iptv/subdivisions/ar-x.m3u
#EXTINF:-1 group-title="ALL- LISTS" tvg-logo="https://flagpedia.net/data/flags/h80/rriente.png", Corrientes
#EXTVLCOPT:http-player-type=m3u
https://iptv-org.github.io/iptv/subdivisions/ar-w.m3u
#EXTINF:-1 group-title="ALL- LISTS" tvg-logo="https://flagpedia.net/data/flags/h80/tr.png", Rios
#EXTVLCOPT:http-player-type=m3u
https://iptv-org.github.io/iptv/subdivisions/ar-e.m3u
#EXTINF:-1 group-title="ALL- LISTS" tvg-logo="https://flagpedia.net/data/flags/h80/rmos.png", Formosa
#EXTVLCOPT:http-player-type=m3u
https://iptv-org.github.io/iptv/subdivisions/ar-p.m3u
#EXTINF:-1 group-title="ALL- LISTS" tvg-logo="https://flagpedia.net/data/flags/h80/ju.png", Jujuy
#EXTVLCOPT:http-player-type=m3u
https://iptv-org.github.io/iptv/subdivisions/ar-y.m3u
#EXTINF:-1 group-title="ALL- LISTS" tvg-logo="https://flagpedia.net/data/flags/h80/.png", Pampa
#EXTVLCOPT:http-player-type=m3u
https://iptv-org.github.io/iptv/subdivisions/ar-l.m3u
#EXTINF:-1 group-title="ALL- LISTS" tvg-logo="https://flagpedia.net/data/flags/h80/.png", Rioja
#EXTVLCOPT:http-player-type=m3u
https://iptv-org.github.io/iptv/subdivisions/ar-f.m3u
#EXTINF:-1 group-title="ALL- LISTS" tvg-logo="https://flagpedia.net/data/flags/h80/ndoz.png", Mendoza
#EXTVLCOPT:http-player-type=m3u
https://iptv-org.github.io/iptv/subdivisions/ar-m.m3u
#EXTINF:-1 group-title="ALL- LISTS" tvg-logo="https://flagpedia.net/data/flags/h80/sione.png", Misiones
#EXTVLCOPT:http-player-type=m3u
https://iptv-org.github.io/iptv/subdivisions/ar-n.m3u
#EXTINF:-1 group-title="ALL- LISTS" tvg-logo="https://flagpedia.net/data/flags/h80/uque.png", Neuquen
#EXTVLCOPT:http-player-type=m3u
https://iptv-org.github.io/iptv/subdivisions/ar-q.m3u
#EXTINF:-1 group-title="ALL- LISTS" tvg-logo="https://flagpedia.net/data/flags/h80/.png", Negro
#EXTVLCOPT:http-player-type=m3u
https://iptv-org.github.io/iptv/subdivisions/ar-r.m3u
#EXTINF:-1 group-title="ALL- LISTS" tvg-logo="https://flagpedia.net/data/flags/h80/lt.png", Salta
#EXTVLCOPT:http-player-type=m3u
https://iptv-org.github.io/iptv/subdivisions/ar-a.m3u
#EXTINF:-1 group-title="ALL- LISTS" tvg-logo="https://flagpedia.net/data/flags/h80/.png", Juan
#EXTVLCOPT:http-player-type=m3u
https://iptv-org.github.io/iptv/subdivisions/ar-j.m3u
#EXTINF:-1 group-title="ALL- LISTS" tvg-logo="https://flagpedia.net/data/flags/h80/.png", Luis
#EXTVLCOPT:http-player-type=m3u
https://iptv-org.github.io/iptv/subdivisions/ar-d.m3u
#EXTINF:-1 group-title="ALL- LISTS" tvg-logo="https://flagpedia.net/data/flags/h80/nt.png", Cruz
#EXTVLCOPT:http-player-type=m3u
https://iptv-org.github.io/iptv/subdivisions/ar-z.m3u
#EXTINF:-1 group-title="ALL- LISTS" tvg-logo="https://flagpedia.net/data/flags/h80/nt.png", Fe
#EXTVLCOPT:http-player-type=m3u
https://iptv-org.github.io/iptv/subdivisions/ar-s.m3u
#EXTINF:-1 group-title="ALL- LISTS" tvg-logo="https://flagpedia.net/data/flags/h80/ntiag.png", Estero
#EXTVLCOPT:http-player-type=m3u
https://iptv-org.github.io/iptv/subdivisions/ar-g.m3u
#EXTINF:-1 group-title="ALL- LISTS" tvg-logo="https://flagpedia.net/data/flags/h80/cuma.png", Tucuman
#EXTVLCOPT:http-player-type=m3u
https://iptv-org.github.io/iptv/subdivisions/ar-t.m3u
#EXTINF:-1 group-title="ALL- LISTS" tvg-logo="https://flagpedia.net/data/flags/h80/.png", Armenia
#EXTVLCOPT:http-player-type=m3u
https://iptv-org.github.io/iptv/countries/am.m3u
#EXTINF:-1 group-title="ALL- LISTS" tvg-logo="https://flagpedia.net/data/flags/h80/.png", Aruba
#EXTVLCOPT:http-player-type=m3u
https://iptv-org.github.io/iptv/countries/aw.m3u
#EXTINF:-1 group-title="ALL- LISTS" tvg-logo="https://flagpedia.net/data/flags/h80/.png", Australia
#EXTVLCOPT:http-player-type=m3u
https://iptv-org.github.io/iptv/countries/au.m3u
#EXTINF:-1 group-title="ALL- LISTS" tvg-logo="https://flagpedia.net/data/flags/h80/.png", Austria
#EXTVLCOPT:http-player-type=m3u
https://iptv-org.github.io/iptv/countries/at.m3u
#EXTINF:-1 group-title="ALL- LISTS" tvg-logo="https://flagpedia.net/data/flags/h80/.png", Azerbaijan
#EXTVLCOPT:http-player-type=m3u
https://iptv-org.github.io/iptv/countries/az.m3u
#EXTINF:-1 group-title="ALL- LISTS" tvg-logo="https://flagpedia.net/data/flags/h80/.png", Bahamas
#EXTVLCOPT:http-player-type=m3u
https://iptv-org.github.io/iptv/countries/bs.m3u
#EXTINF:-1 group-title="ALL- LISTS" tvg-logo="https://flagpedia.net/data/flags/h80/.png", Bahrain
#EXTVLCOPT:http-player-type=m3u
https://iptv-org.github.io/iptv/countries/bh.m3u
#EXTINF:-1 group-title="ALL- LISTS" tvg-logo="https://flagpedia.net/data/flags/h80/.png", Bangladesh
#EXTVLCOPT:http-player-type=m3u
https://iptv-org.github.io/iptv/countries/bd.m3u
#EXTINF:-1 group-title="ALL- LISTS" tvg-logo="https://flagpedia.net/data/flags/h80/.png", Barbados
#EXTVLCOPT:http-player-type=m3u
https://iptv-org.github.io/iptv/countries/bb.m3u
#EXTINF:-1 group-title="ALL- LISTS" tvg-logo="https://flagpedia.net/data/flags/h80/.png", Belarus
#EXTVLCOPT:http-player-type=m3u
https://iptv-org.github.io/iptv/countries/by.m3u
#EXTINF:-1 group-title="ALL- LISTS" tvg-logo="https://flagpedia.net/data/flags/h80/.png", Belgium
#EXTVLCOPT:http-player-type=m3u
https://iptv-org.github.io/iptv/countries/be.m3u
#EXTINF:-1 group-title="ALL- LISTS" tvg-logo="https://flagpedia.net/data/flags/h80/.png", Belize
#EXTVLCOPT:http-player-type=m3u
https://iptv-org.github.io/iptv/countries/bz.m3u
#EXTINF:-1 group-title="ALL- LISTS" tvg-logo="https://flagpedia.net/data/flags/h80/.png", Benin
#EXTVLCOPT:http-player-type=m3u
https://iptv-org.github.io/iptv/countries/bj.m3u
#EXTINF:-1 group-title="ALL- LISTS" tvg-logo="https://flagpedia.net/data/flags/h80/.png", Bermuda
#EXTVLCOPT:http-player-type=m3u
https://iptv-org.github.io/iptv/countries/bm.m3u
#EXTINF:-1 group-title="ALL- LISTS" tvg-logo="https://flagpedia.net/data/flags/h80/.png", Bhutan
#EXTVLCOPT:http-player-type=m3u
https://iptv-org.github.io/iptv/countries/bt.m3u
#EXTINF:-1 group-title="ALL- LISTS" tvg-logo="https://flagpedia.net/data/flags/h80/.png", Bolivia
#EXTVLCOPT:http-player-type=m3u
https://iptv-org.github.io/iptv/countries/bo.m3u
#EXTINF:-1 group-title="ALL- LISTS" tvg-logo="https://flagpedia.net/data/flags/h80/chabamb.png", Cochabamba
#EXTVLCOPT:http-player-type=m3u
https://iptv-org.github.io/iptv/subdivisions/bo-c.m3u
#EXTINF:-1 group-title="ALL- LISTS" tvg-logo="https://flagpedia.net/data/flags/h80/.png", Paz
#EXTVLCOPT:http-player-type=m3u
https://iptv-org.github.io/iptv/subdivisions/bo-l.m3u
#EXTINF:-1 group-title="ALL- LISTS" tvg-logo="https://flagpedia.net/data/flags/h80/ur.png", Oruro
#EXTVLCOPT:http-player-type=m3u
https://iptv-org.github.io/iptv/subdivisions/bo-o.m3u
#EXTINF:-1 group-title="ALL- LISTS" tvg-logo="https://flagpedia.net/data/flags/h80/nt.png", Cruz
#EXTVLCOPT:http-player-type=m3u
https://iptv-org.github.io/iptv/subdivisions/bo-s.m3u
#EXTINF:-1 group-title="ALL- LISTS" tvg-logo="https://flagpedia.net/data/flags/h80/.png", Bonaire
#EXTVLCOPT:http-player-type=m3u
https://iptv-org.github.io/iptv/countries/bq.m3u
#EXTINF:-1 group-title="ALL- LISTS" tvg-logo="https://flagpedia.net/data/flags/h80/.png", Herzegovina
#EXTVLCOPT:http-player-type=m3u
https://iptv-org.github.io/iptv/countries/ba.m3u
#EXTINF:-1 group-title="ALL- LISTS" tvg-logo="https://flagpedia.net/data/flags/h80/.png", Botswana
#EXTVLCOPT:http-player-type=m3u
https://iptv-org.github.io/iptv/countries/bw.m3u
#EXTINF:-1 group-title="ALL- LISTS" tvg-logo="https://flagpedia.net/data/flags/h80/.png", Island
#EXTVLCOPT:http-player-type=m3u
https://iptv-org.github.io/iptv/countries/bv.m3u
#EXTINF:-1 group-title="ALL- LISTS" tvg-logo="https://flagpedia.net/data/flags/h80/.png", Brazil
#EXTVLCOPT:http-player-type=m3u
https://iptv-org.github.io/iptv/countries/br.m3u
#EXTINF:-1 group-title="ALL- LISTS" tvg-logo="https://flagpedia.net/data/flags/h80/agoa.png", Alagoas
#EXTVLCOPT:http-player-type=m3u
https://iptv-org.github.io/iptv/subdivisions/br-al.m3u
#EXTINF:-1 group-title="ALL- LISTS" tvg-logo="https://flagpedia.net/data/flags/h80/azona.png", Amazonas
#EXTVLCOPT:http-player-type=m3u
https://iptv-org.github.io/iptv/subdivisions/br-am.m3u
#EXTINF:-1 group-title="ALL- LISTS" tvg-logo="https://flagpedia.net/data/flags/h80/hi.png", Bahia
#EXTVLCOPT:http-player-type=m3u
https://iptv-org.github.io/iptv/subdivisions/br-ba.m3u
#EXTINF:-1 group-title="ALL- LISTS" tvg-logo="https://flagpedia.net/data/flags/h80/ar.png", Ceara
#EXTVLCOPT:http-player-type=m3u
https://iptv-org.github.io/iptv/subdivisions/br-ce.m3u
#EXTINF:-1 group-title="ALL- LISTS" tvg-logo="https://flagpedia.net/data/flags/h80/strit.png", Federal
#EXTVLCOPT:http-player-type=m3u
https://iptv-org.github.io/iptv/subdivisions/br-df.m3u
#EXTINF:-1 group-title="ALL- LISTS" tvg-logo="https://flagpedia.net/data/flags/h80/pirit.png", Santo
#EXTVLCOPT:http-player-type=m3u
https://iptv-org.github.io/iptv/subdivisions/br-es.m3u
#EXTINF:-1 group-title="ALL- LISTS" tvg-logo="https://flagpedia.net/data/flags/h80/ia.png", Goias
#EXTVLCOPT:http-player-type=m3u
https://iptv-org.github.io/iptv/subdivisions/br-go.m3u
#EXTINF:-1 group-title="ALL- LISTS" tvg-logo="https://flagpedia.net/data/flags/h80/ranha.png", Maranhao
#EXTVLCOPT:http-player-type=m3u
https://iptv-org.github.io/iptv/subdivisions/br-ma.m3u
#EXTINF:-1 group-title="ALL- LISTS" tvg-logo="https://flagpedia.net/data/flags/h80/t.png", Grosso
#EXTVLCOPT:http-player-type=m3u
https://iptv-org.github.io/iptv/subdivisions/br-mt.m3u
#EXTINF:-1 group-title="ALL- LISTS" tvg-logo="https://flagpedia.net/data/flags/h80/na.png", Gerais
#EXTVLCOPT:http-player-type=m3u
https://iptv-org.github.io/iptv/subdivisions/br-mg.m3u
#EXTINF:-1 group-title="ALL- LISTS" tvg-logo="https://flagpedia.net/data/flags/h80/r.png", Para
#EXTVLCOPT:http-player-type=m3u
https://iptv-org.github.io/iptv/subdivisions/br-pa.m3u
#EXTINF:-1 group-title="ALL- LISTS" tvg-logo="https://flagpedia.net/data/flags/h80/raib.png", Paraiba
#EXTVLCOPT:http-player-type=m3u
https://iptv-org.github.io/iptv/subdivisions/br-pb.m3u
#EXTINF:-1 group-title="ALL- LISTS" tvg-logo="https://flagpedia.net/data/flags/h80/ran.png", Parana
#EXTVLCOPT:http-player-type=m3u
https://iptv-org.github.io/iptv/subdivisions/br-pr.m3u
#EXTINF:-1 group-title="ALL- LISTS" tvg-logo="https://flagpedia.net/data/flags/h80/rnambuc.png", Pernambuco
#EXTVLCOPT:http-player-type=m3u
https://iptv-org.github.io/iptv/subdivisions/br-pe.m3u
#EXTINF:-1 group-title="ALL- LISTS" tvg-logo="https://flagpedia.net/data/flags/h80/.png", Janeiro
#EXTVLCOPT:http-player-type=m3u
https://iptv-org.github.io/iptv/subdivisions/br-rj.m3u
#EXTINF:-1 group-title="ALL- LISTS" tvg-logo="https://flagpedia.net/data/flags/h80/.png", Norte
#EXTVLCOPT:http-player-type=m3u
https://iptv-org.github.io/iptv/subdivisions/br-rn.m3u
#EXTINF:-1 group-title="ALL- LISTS" tvg-logo="https://flagpedia.net/data/flags/h80/.png", Sul
#EXTVLCOPT:http-player-type=m3u
https://iptv-org.github.io/iptv/subdivisions/br-rs.m3u
#EXTINF:-1 group-title="ALL- LISTS" tvg-logo="https://flagpedia.net/data/flags/h80/ndoni.png", Rondonia
#EXTVLCOPT:http-player-type=m3u
https://iptv-org.github.io/iptv/subdivisions/br-ro.m3u
#EXTINF:-1 group-title="ALL- LISTS" tvg-logo="https://flagpedia.net/data/flags/h80/raim.png", Roraima
#EXTVLCOPT:http-player-type=m3u
https://iptv-org.github.io/iptv/subdivisions/br-rr.m3u
#EXTINF:-1 group-title="ALL- LISTS" tvg-logo="https://flagpedia.net/data/flags/h80/nt.png", Catarina
#EXTVLCOPT:http-player-type=m3u
https://iptv-org.github.io/iptv/subdivisions/br-sc.m3u
#EXTINF:-1 group-title="ALL- LISTS" tvg-logo="https://flagpedia.net/data/flags/h80/.png", Paulo
#EXTVLCOPT:http-player-type=m3u
https://iptv-org.github.io/iptv/subdivisions/br-sp.m3u
#EXTINF:-1 group-title="ALL- LISTS" tvg-logo="https://flagpedia.net/data/flags/h80/.png", Islands
#EXTVLCOPT:http-player-type=m3u
https://iptv-org.github.io/iptv/countries/vg.m3u
#EXTINF:-1 group-title="ALL- LISTS" tvg-logo="https://flagpedia.net/data/flags/h80/.png", Brunei
#EXTVLCOPT:http-player-type=m3u
https://iptv-org.github.io/iptv/countries/bn.m3u
#EXTINF:-1 group-title="ALL- LISTS" tvg-logo="https://flagpedia.net/data/flags/h80/.png", Bulgaria
#EXTVLCOPT:http-player-type=m3u
https://iptv-org.github.io/iptv/countries/bg.m3u
#EXTINF:-1 group-title="ALL- LISTS" tvg-logo="https://flagpedia.net/data/flags/h80/.png", Faso
#EXTVLCOPT:http-player-type=m3u
https://iptv-org.github.io/iptv/countries/bf.m3u
#EXTINF:-1 group-title="ALL- LISTS" tvg-logo="https://flagpedia.net/data/flags/h80/.png", Burundi
#EXTVLCOPT:http-player-type=m3u
https://iptv-org.github.io/iptv/countries/bi.m3u
#EXTINF:-1 group-title="ALL- LISTS" tvg-logo="https://flagpedia.net/data/flags/h80/.png", Cambodia
#EXTVLCOPT:http-player-type=m3u
https://iptv-org.github.io/iptv/countries/kh.m3u
#EXTINF:-1 group-title="ALL- LISTS" tvg-logo="https://flagpedia.net/data/flags/h80/.png", Cameroon
#EXTVLCOPT:http-player-type=m3u
https://iptv-org.github.io/iptv/countries/cm.m3u
#EXTINF:-1 group-title="ALL- LISTS" tvg-logo="https://flagpedia.net/data/flags/h80/.png", Canada
#EXTVLCOPT:http-player-type=m3u
https://iptv-org.github.io/iptv/countries/ca.m3u
#EXTINF:-1 group-title="ALL- LISTS" tvg-logo="https://flagpedia.net/data/flags/h80/bert.png", Alberta
#EXTVLCOPT:http-player-type=m3u
https://iptv-org.github.io/iptv/subdivisions/ca-ab.m3u
#EXTINF:-1 group-title="ALL- LISTS" tvg-logo="https://flagpedia.net/data/flags/h80/itis.png", Columbia
#EXTVLCOPT:http-player-type=m3u
https://iptv-org.github.io/iptv/subdivisions/ca-bc.m3u
#EXTINF:-1 group-title="ALL- LISTS" tvg-logo="https://flagpedia.net/data/flags/h80/nitob.png", Manitoba
#EXTVLCOPT:http-player-type=m3u
https://iptv-org.github.io/iptv/subdivisions/ca-mb.m3u
#EXTINF:-1 group-title="ALL- LISTS" tvg-logo="https://flagpedia.net/data/flags/h80/.png", Brunswick
#EXTVLCOPT:http-player-type=m3u
https://iptv-org.github.io/iptv/subdivisions/ca-nb.m3u
#EXTINF:-1 group-title="ALL- LISTS" tvg-logo="https://flagpedia.net/data/flags/h80/wfoundlan.png", Labrador
#EXTVLCOPT:http-player-type=m3u
https://iptv-org.github.io/iptv/subdivisions/ca-nl.m3u
#EXTINF:-1 group-title="ALL- LISTS" tvg-logo="https://flagpedia.net/data/flags/h80/rthwes.png", Territories
#EXTVLCOPT:http-player-type=m3u
https://iptv-org.github.io/iptv/subdivisions/ca-nt.m3u
#EXTINF:-1 group-title="ALL- LISTS" tvg-logo="https://flagpedia.net/data/flags/h80/v.png", Scotia
#EXTVLCOPT:http-player-type=m3u
https://iptv-org.github.io/iptv/subdivisions/ca-ns.m3u
#EXTINF:-1 group-title="ALL- LISTS" tvg-logo="https://flagpedia.net/data/flags/h80/tari.png", Ontario
#EXTVLCOPT:http-player-type=m3u
https://iptv-org.github.io/iptv/subdivisions/ca-on.m3u
#EXTINF:-1 group-title="ALL- LISTS" tvg-logo="https://flagpedia.net/data/flags/h80/inc.png", Island
#EXTVLCOPT:http-player-type=m3u
https://iptv-org.github.io/iptv/subdivisions/ca-pe.m3u
#EXTINF:-1 group-title="ALL- LISTS" tvg-logo="https://flagpedia.net/data/flags/h80/ebe.png", Quebec
#EXTVLCOPT:http-player-type=m3u
https://iptv-org.github.io/iptv/subdivisions/ca-qc.m3u
#EXTINF:-1 group-title="ALL- LISTS" tvg-logo="https://flagpedia.net/data/flags/h80/skatchewa.png", Saskatchewan
#EXTVLCOPT:http-player-type=m3u
https://iptv-org.github.io/iptv/subdivisions/ca-sk.m3u
#EXTINF:-1 group-title="ALL- LISTS" tvg-logo="https://flagpedia.net/data/flags/h80/.png", Verde
#EXTVLCOPT:http-player-type=m3u
https://iptv-org.github.io/iptv/countries/cv.m3u
#EXTINF:-1 group-title="ALL- LISTS" tvg-logo="https://flagpedia.net/data/flags/h80/.png", Vista
#EXTVLCOPT:http-player-type=m3u
https://iptv-org.github.io/iptv/subdivisions/cv-bv.m3u
#EXTINF:-1 group-title="ALL- LISTS" tvg-logo="https://flagpedia.net/data/flags/h80/.png", Sal
#EXTVLCOPT:http-player-type=m3u
https://iptv-org.github.io/iptv/subdivisions/cv-sl.m3u
#EXTINF:-1 group-title="ALL- LISTS" tvg-logo="https://flagpedia.net/data/flags/h80/.png", Islands
#EXTVLCOPT:http-player-type=m3u
https://iptv-org.github.io/iptv/countries/ky.m3u
#EXTINF:-1 group-title="ALL- LISTS" tvg-logo="https://flagpedia.net/data/flags/h80/.png", Republic
#EXTVLCOPT:http-player-type=m3u
https://iptv-org.github.io/iptv/countries/cf.m3u
#EXTINF:-1 group-title="ALL- LISTS" tvg-logo="https://flagpedia.net/data/flags/h80/.png", Chad
#EXTVLCOPT:http-player-type=m3u
https://iptv-org.github.io/iptv/countries/td.m3u
#EXTINF:-1 group-title="ALL- LISTS" tvg-logo="https://flagpedia.net/data/flags/h80/.png", Chile
#EXTVLCOPT:http-player-type=m3u
https://iptv-org.github.io/iptv/countries/cl.m3u
#EXTINF:-1 group-title="ALL- LISTS" tvg-logo="https://flagpedia.net/data/flags/h80/acam.png", Atacama
#EXTVLCOPT:http-player-type=m3u
https://iptv-org.github.io/iptv/subdivisions/cl-at.m3u
#EXTINF:-1 group-title="ALL- LISTS" tvg-logo="https://flagpedia.net/data/flags/h80/obi.png", Biobio
#EXTVLCOPT:http-player-type=m3u
https://iptv-org.github.io/iptv/subdivisions/cl-bi.m3u
#EXTINF:-1 group-title="ALL- LISTS" tvg-logo="https://flagpedia.net/data/flags/h80/quimb.png", Coquimbo
#EXTVLCOPT:http-player-type=m3u
https://iptv-org.github.io/iptv/subdivisions/cl-co.m3u
#EXTINF:-1 group-title="ALL- LISTS" tvg-logo="https://flagpedia.net/data/flags/h80/.png", Araucania
#EXTVLCOPT:http-player-type=m3u
https://iptv-org.github.io/iptv/subdivisions/cl-ar.m3u
#EXTINF:-1 group-title="ALL- LISTS" tvg-logo="https://flagpedia.net/data/flags/h80/bertado.png", O'Higgins
#EXTVLCOPT:http-player-type=m3u
https://iptv-org.github.io/iptv/subdivisions/cl-li.m3u
#EXTINF:-1 group-title="ALL- LISTS" tvg-logo="https://flagpedia.net/data/flags/h80/.png", Lagos
#EXTVLCOPT:http-player-type=m3u
https://iptv-org.github.io/iptv/subdivisions/cl-ll.m3u
#EXTINF:-1 group-title="ALL- LISTS" tvg-logo="https://flagpedia.net/data/flags/h80/ul.png", Maule
#EXTVLCOPT:http-player-type=m3u
https://iptv-org.github.io/iptv/subdivisions/cl-ml.m3u
#EXTINF:-1 group-title="ALL- LISTS" tvg-logo="https://flagpedia.net/data/flags/h80/bl.png", Nuble
#EXTVLCOPT:http-player-type=m3u
https://iptv-org.github.io/iptv/subdivisions/cl-nb.m3u
#EXTINF:-1 group-title="ALL- LISTS" tvg-logo="https://flagpedia.net/data/flags/h80/lparais.png", Valparaiso
#EXTVLCOPT:http-player-type=m3u
https://iptv-org.github.io/iptv/subdivisions/cl-vs.m3u
#EXTINF:-1 group-title="ALL- LISTS" tvg-logo="https://flagpedia.net/data/flags/h80/.png", China
#EXTVLCOPT:http-player-type=m3u
https://iptv-org.github.io/iptv/countries/cn.m3u
#EXTINF:-1 group-title="ALL- LISTS" tvg-logo="https://flagpedia.net/data/flags/h80/.png", Colombia
#EXTVLCOPT:http-player-type=m3u
https://iptv-org.github.io/iptv/countries/co.m3u
#EXTINF:-1 group-title="ALL- LISTS" tvg-logo="https://flagpedia.net/data/flags/h80/tioqui.png", Antioquia
#EXTVLCOPT:http-player-type=m3u
https://iptv-org.github.io/iptv/subdivisions/co-ant.m3u
#EXTINF:-1 group-title="ALL- LISTS" tvg-logo="https://flagpedia.net/data/flags/h80/lantic.png", Atlantico
#EXTVLCOPT:http-player-type=m3u
https://iptv-org.github.io/iptv/subdivisions/co-atl.m3u
#EXTINF:-1 group-title="ALL- LISTS" tvg-logo="https://flagpedia.net/data/flags/h80/liva.png", Bolivar
#EXTVLCOPT:http-player-type=m3u
https://iptv-org.github.io/iptv/subdivisions/co-bol.m3u
#EXTINF:-1 group-title="ALL- LISTS" tvg-logo="https://flagpedia.net/data/flags/h80/lda.png", Caldas
#EXTVLCOPT:http-player-type=m3u
https://iptv-org.github.io/iptv/subdivisions/co-cal.m3u
#EXTINF:-1 group-title="ALL- LISTS" tvg-logo="https://flagpedia.net/data/flags/h80/uc.png", Cauca
#EXTVLCOPT:http-player-type=m3u
https://iptv-org.github.io/iptv/subdivisions/co-cau.m3u
#EXTINF:-1 group-title="ALL- LISTS" tvg-logo="https://flagpedia.net/data/flags/h80/oc.png", Choco
#EXTVLCOPT:http-player-type=m3u
https://iptv-org.github.io/iptv/subdivisions/co-cho.m3u
#EXTINF:-1 group-title="ALL- LISTS" tvg-logo="https://flagpedia.net/data/flags/h80/ndinamarc.png", Cundinamarca
#EXTVLCOPT:http-player-type=m3u
https://iptv-org.github.io/iptv/subdivisions/co-cun.m3u
#EXTINF:-1 group-title="ALL- LISTS" tvg-logo="https://flagpedia.net/data/flags/h80/il.png", Huila
#EXTVLCOPT:http-player-type=m3u
https://iptv-org.github.io/iptv/subdivisions/co-hui.m3u
#EXTINF:-1 group-title="ALL- LISTS" tvg-logo="https://flagpedia.net/data/flags/h80/gdalen.png", Magdalena
#EXTVLCOPT:http-player-type=m3u
https://iptv-org.github.io/iptv/subdivisions/co-mag.m3u
#EXTINF:-1 group-title="ALL- LISTS" tvg-logo="https://flagpedia.net/data/flags/h80/rin.png", Narino
#EXTVLCOPT:http-player-type=m3u
https://iptv-org.github.io/iptv/subdivisions/co-nar.m3u
#EXTINF:-1 group-title="ALL- LISTS" tvg-logo="https://flagpedia.net/data/flags/h80/rt.png", Santander
#EXTVLCOPT:http-player-type=m3u
https://iptv-org.github.io/iptv/subdivisions/co-nsa.m3u
#EXTINF:-1 group-title="ALL- LISTS" tvg-logo="https://flagpedia.net/data/flags/h80/indi.png", Quindio
#EXTVLCOPT:http-player-type=m3u
https://iptv-org.github.io/iptv/subdivisions/co-qui.m3u
#EXTINF:-1 group-title="ALL- LISTS" tvg-logo="https://flagpedia.net/data/flags/h80/sarald.png", Risaralda
#EXTVLCOPT:http-player-type=m3u
https://iptv-org.github.io/iptv/subdivisions/co-ris.m3u
#EXTINF:-1 group-title="ALL- LISTS" tvg-logo="https://flagpedia.net/data/flags/h80/.png", Catalina
#EXTVLCOPT:http-player-type=m3u
https://iptv-org.github.io/iptv/subdivisions/co-sap.m3u
#EXTINF:-1 group-title="ALL- LISTS" tvg-logo="https://flagpedia.net/data/flags/h80/lim.png", Tolima
#EXTVLCOPT:http-player-type=m3u
https://iptv-org.github.io/iptv/subdivisions/co-tol.m3u
#EXTINF:-1 group-title="ALL- LISTS" tvg-logo="https://flagpedia.net/data/flags/h80/ll.png", Cauca
#EXTVLCOPT:http-player-type=m3u
https://iptv-org.github.io/iptv/subdivisions/co-vac.m3u
#EXTINF:-1 group-title="ALL- LISTS" tvg-logo="https://flagpedia.net/data/flags/h80/.png", Comoros
#EXTVLCOPT:http-player-type=m3u
https://iptv-org.github.io/iptv/countries/km.m3u
#EXTINF:-1 group-title="ALL- LISTS" tvg-logo="https://flagpedia.net/data/flags/h80/.png", Islands
#EXTVLCOPT:http-player-type=m3u
https://iptv-org.github.io/iptv/countries/ck.m3u
#EXTINF:-1 group-title="ALL- LISTS" tvg-logo="https://flagpedia.net/data/flags/h80/.png", Rica
#EXTVLCOPT:http-player-type=m3u
https://iptv-org.github.io/iptv/countries/cr.m3u
#EXTINF:-1 group-title="ALL- LISTS" tvg-logo="https://flagpedia.net/data/flags/h80/ntarena.png", Puntarenas
#EXTVLCOPT:http-player-type=m3u
https://iptv-org.github.io/iptv/subdivisions/cr-p.m3u
#EXTINF:-1 group-title="ALL- LISTS" tvg-logo="https://flagpedia.net/data/flags/h80/.png", Jose
#EXTVLCOPT:http-player-type=m3u
https://iptv-org.github.io/iptv/subdivisions/cr-sj.m3u
#EXTINF:-1 group-title="ALL- LISTS" tvg-logo="https://flagpedia.net/data/flags/h80/.png", Croatia
#EXTVLCOPT:http-player-type=m3u
https://iptv-org.github.io/iptv/countries/hr.m3u
#EXTINF:-1 group-title="ALL- LISTS" tvg-logo="https://flagpedia.net/data/flags/h80/.png", Cuba
#EXTVLCOPT:http-player-type=m3u
https://iptv-org.github.io/iptv/countries/cu.m3u
#EXTINF:-1 group-title="ALL- LISTS" tvg-logo="https://flagpedia.net/data/flags/h80/.png", Curacao
#EXTVLCOPT:http-player-type=m3u
https://iptv-org.github.io/iptv/countries/cw.m3u
#EXTINF:-1 group-title="ALL- LISTS" tvg-logo="https://flagpedia.net/data/flags/h80/.png", Cyprus
#EXTVLCOPT:http-player-type=m3u
https://iptv-org.github.io/iptv/countries/cy.m3u
#EXTINF:-1 group-title="ALL- LISTS" tvg-logo="https://flagpedia.net/data/flags/h80/.png", Republic
#EXTVLCOPT:http-player-type=m3u
https://iptv-org.github.io/iptv/countries/cz.m3u
#EXTINF:-1 group-title="ALL- LISTS" tvg-logo="https://flagpedia.net/data/flags/h80/.png", Congo
#EXTVLCOPT:http-player-type=m3u
https://iptv-org.github.io/iptv/countries/cd.m3u
#EXTINF:-1 group-title="ALL- LISTS" tvg-logo="https://flagpedia.net/data/flags/h80/.png", Denmark
#EXTVLCOPT:http-player-type=m3u
https://iptv-org.github.io/iptv/countries/dk.m3u
#EXTINF:-1 group-title="ALL- LISTS" tvg-logo="https://flagpedia.net/data/flags/h80/.png", Djibouti
#EXTVLCOPT:http-player-type=m3u
https://iptv-org.github.io/iptv/countries/dj.m3u
#EXTINF:-1 group-title="ALL- LISTS" tvg-logo="https://flagpedia.net/data/flags/h80/.png", Dominica
#EXTVLCOPT:http-player-type=m3u
https://iptv-org.github.io/iptv/countries/dm.m3u
#EXTINF:-1 group-title="ALL- LISTS" tvg-logo="https://flagpedia.net/data/flags/h80/.png", Republic
#EXTVLCOPT:http-player-type=m3u
https://iptv-org.github.io/iptv/countries/do.m3u
#EXTINF:-1 group-title="ALL- LISTS" tvg-logo="https://flagpedia.net/data/flags/h80/strit.png", Domingo)
#EXTVLCOPT:http-player-type=m3u
https://iptv-org.github.io/iptv/subdivisions/do-01.m3u
#EXTINF:-1 group-title="ALL- LISTS" tvg-logo="https://flagpedia.net/data/flags/h80/.png", Altagracia
#EXTVLCOPT:http-player-type=m3u
https://iptv-org.github.io/iptv/subdivisions/do-11.m3u
#EXTINF:-1 group-title="ALL- LISTS" tvg-logo="https://flagpedia.net/data/flags/h80/.png", Vega
#EXTVLCOPT:http-player-type=m3u
https://iptv-org.github.io/iptv/subdivisions/do-13.m3u
#EXTINF:-1 group-title="ALL- LISTS" tvg-logo="https://flagpedia.net/data/flags/h80/nseno.png", Nouel
#EXTVLCOPT:http-player-type=m3u
https://iptv-org.github.io/iptv/subdivisions/do-28.m3u
#EXTINF:-1 group-title="ALL- LISTS" tvg-logo="https://flagpedia.net/data/flags/h80/ert.png", Plata
#EXTVLCOPT:http-player-type=m3u
https://iptv-org.github.io/iptv/subdivisions/do-18.m3u
#EXTINF:-1 group-title="ALL- LISTS" tvg-logo="https://flagpedia.net/data/flags/h80/.png", Juan
#EXTVLCOPT:http-player-type=m3u
https://iptv-org.github.io/iptv/subdivisions/do-22.m3u
#EXTINF:-1 group-title="ALL- LISTS" tvg-logo="https://flagpedia.net/data/flags/h80/ntiag.png", Santiago
#EXTVLCOPT:http-player-type=m3u
https://iptv-org.github.io/iptv/subdivisions/do-25.m3u
#EXTINF:-1 group-title="ALL- LISTS" tvg-logo="https://flagpedia.net/data/flags/h80/lverd.png", Valverde
#EXTVLCOPT:http-player-type=m3u
https://iptv-org.github.io/iptv/subdivisions/do-27.m3u
#EXTINF:-1 group-title="ALL- LISTS" tvg-logo="https://flagpedia.net/data/flags/h80/.png", Timor
#EXTVLCOPT:http-player-type=m3u
https://iptv-org.github.io/iptv/countries/tl.m3u
#EXTINF:-1 group-title="ALL- LISTS" tvg-logo="https://flagpedia.net/data/flags/h80/.png", Ecuador
#EXTVLCOPT:http-player-type=m3u
https://iptv-org.github.io/iptv/countries/ec.m3u
#EXTINF:-1 group-title="ALL- LISTS" tvg-logo="https://flagpedia.net/data/flags/h80/ua.png", Azuay
#EXTVLCOPT:http-player-type=m3u
https://iptv-org.github.io/iptv/subdivisions/ec-a.m3u
#EXTINF:-1 group-title="ALL- LISTS" tvg-logo="https://flagpedia.net/data/flags/h80/j.png", Loja
#EXTVLCOPT:http-player-type=m3u
https://iptv-org.github.io/iptv/subdivisions/ec-l.m3u
#EXTINF:-1 group-title="ALL- LISTS" tvg-logo="https://flagpedia.net/data/flags/h80/ellan.png", Orellana
#EXTVLCOPT:http-player-type=m3u
https://iptv-org.github.io/iptv/subdivisions/ec-d.m3u
#EXTINF:-1 group-title="ALL- LISTS" tvg-logo="https://flagpedia.net/data/flags/h80/.png", Egypt
#EXTVLCOPT:http-player-type=m3u
https://iptv-org.github.io/iptv/countries/eg.m3u
#EXTINF:-1 group-title="ALL- LISTS" tvg-logo="https://flagpedia.net/data/flags/h80/.png", Salvador
#EXTVLCOPT:http-player-type=m3u
https://iptv-org.github.io/iptv/countries/sv.m3u
#EXTINF:-1 group-title="ALL- LISTS" tvg-logo="https://flagpedia.net/data/flags/h80/.png", Guinea
#EXTVLCOPT:http-player-type=m3u
https://iptv-org.github.io/iptv/countries/gq.m3u
#EXTINF:-1 group-title="ALL- LISTS" tvg-logo="https://flagpedia.net/data/flags/h80/.png", Eritrea
#EXTVLCOPT:http-player-type=m3u
https://iptv-org.github.io/iptv/countries/er.m3u
#EXTINF:-1 group-title="ALL- LISTS" tvg-logo="https://flagpedia.net/data/flags/h80/.png", Estonia
#EXTVLCOPT:http-player-type=m3u
https://iptv-org.github.io/iptv/countries/ee.m3u
#EXTINF:-1 group-title="ALL- LISTS" tvg-logo="https://flagpedia.net/data/flags/h80/.png", Ethiopia
#EXTVLCOPT:http-player-type=m3u
https://iptv-org.github.io/iptv/countries/et.m3u
#EXTINF:-1 group-title="ALL- LISTS" tvg-logo="https://flagpedia.net/data/flags/h80/.png", Islands
#EXTVLCOPT:http-player-type=m3u
https://iptv-org.github.io/iptv/countries/fk.m3u
#EXTINF:-1 group-title="ALL- LISTS" tvg-logo="https://flagpedia.net/data/flags/h80/.png", Islands
#EXTVLCOPT:http-player-type=m3u
https://iptv-org.github.io/iptv/countries/fo.m3u
#EXTINF:-1 group-title="ALL- LISTS" tvg-logo="https://flagpedia.net/data/flags/h80/.png", Fiji
#EXTVLCOPT:http-player-type=m3u
https://iptv-org.github.io/iptv/countries/fj.m3u
#EXTINF:-1 group-title="ALL- LISTS" tvg-logo="https://flagpedia.net/data/flags/h80/.png", Finland
#EXTVLCOPT:http-player-type=m3u
https://iptv-org.github.io/iptv/countries/fi.m3u
#EXTINF:-1 group-title="ALL- LISTS" tvg-logo="https://flagpedia.net/data/flags/h80/ski-suom.png", Keski-Suomi
#EXTVLCOPT:http-player-type=m3u
https://iptv-org.github.io/iptv/subdivisions/fi-08.m3u
#EXTINF:-1 group-title="ALL- LISTS" tvg-logo="https://flagpedia.net/data/flags/h80/hjanma.png", Pohjanmaa
#EXTVLCOPT:http-player-type=m3u
https://iptv-org.github.io/iptv/subdivisions/fi-12.m3u
#EXTINF:-1 group-title="ALL- LISTS" tvg-logo="https://flagpedia.net/data/flags/h80/.png", France
#EXTVLCOPT:http-player-type=m3u
https://iptv-org.github.io/iptv/countries/fr.m3u
#EXTINF:-1 group-title="ALL- LISTS" tvg-logo="https://flagpedia.net/data/flags/h80/.png", Guiana
#EXTVLCOPT:http-player-type=m3u
https://iptv-org.github.io/iptv/countries/gf.m3u
#EXTINF:-1 group-title="ALL- LISTS" tvg-logo="https://flagpedia.net/data/flags/h80/.png", Polynesia
#EXTVLCOPT:http-player-type=m3u
https://iptv-org.github.io/iptv/countries/pf.m3u
#EXTINF:-1 group-title="ALL- LISTS" tvg-logo="https://flagpedia.net/data/flags/h80/.png", Territories
#EXTVLCOPT:http-player-type=m3u
https://iptv-org.github.io/iptv/countries/tf.m3u
#EXTINF:-1 group-title="ALL- LISTS" tvg-logo="https://flagpedia.net/data/flags/h80/.png", Gabon
#EXTVLCOPT:http-player-type=m3u
https://iptv-org.github.io/iptv/countries/ga.m3u
#EXTINF:-1 group-title="ALL- LISTS" tvg-logo="https://flagpedia.net/data/flags/h80/.png", Gambia
#EXTVLCOPT:http-player-type=m3u
https://iptv-org.github.io/iptv/countries/gm.m3u
#EXTINF:-1 group-title="ALL- LISTS" tvg-logo="https://flagpedia.net/data/flags/h80/.png", Georgia
#EXTVLCOPT:http-player-type=m3u
https://iptv-org.github.io/iptv/countries/ge.m3u
#EXTINF:-1 group-title="ALL- LISTS" tvg-logo="https://flagpedia.net/data/flags/h80/.png", Germany
#EXTVLCOPT:http-player-type=m3u
https://iptv-org.github.io/iptv/countries/de.m3u
#EXTINF:-1 group-title="ALL- LISTS" tvg-logo="https://flagpedia.net/data/flags/h80/.png", Ghana
#EXTVLCOPT:http-player-type=m3u
https://iptv-org.github.io/iptv/countries/gh.m3u
#EXTINF:-1 group-title="ALL- LISTS" tvg-logo="https://flagpedia.net/data/flags/h80/.png", Greece
#EXTVLCOPT:http-player-type=m3u
https://iptv-org.github.io/iptv/countries/gr.m3u
#EXTINF:-1 group-title="ALL- LISTS" tvg-logo="https://flagpedia.net/data/flags/h80/tik.png", Attiki
#EXTVLCOPT:http-player-type=m3u
https://iptv-org.github.io/iptv/subdivisions/gr-i.m3u
#EXTINF:-1 group-title="ALL- LISTS" tvg-logo="https://flagpedia.net/data/flags/h80/.png", Greenland
#EXTVLCOPT:http-player-type=m3u
https://iptv-org.github.io/iptv/countries/gl.m3u
#EXTINF:-1 group-title="ALL- LISTS" tvg-logo="https://flagpedia.net/data/flags/h80/.png", Grenada
#EXTVLCOPT:http-player-type=m3u
https://iptv-org.github.io/iptv/countries/gd.m3u
#EXTINF:-1 group-title="ALL- LISTS" tvg-logo="https://flagpedia.net/data/flags/h80/.png", Guadeloupe
#EXTVLCOPT:http-player-type=m3u
https://iptv-org.github.io/iptv/countries/gp.m3u
#EXTINF:-1 group-title="ALL- LISTS" tvg-logo="https://flagpedia.net/data/flags/h80/.png", Guam
#EXTVLCOPT:http-player-type=m3u
https://iptv-org.github.io/iptv/countries/gu.m3u
#EXTINF:-1 group-title="ALL- LISTS" tvg-logo="https://flagpedia.net/data/flags/h80/.png", Guatemala
#EXTVLCOPT:http-player-type=m3u
https://iptv-org.github.io/iptv/countries/gt.m3u
#EXTINF:-1 group-title="ALL- LISTS" tvg-logo="https://flagpedia.net/data/flags/h80/cuintl.png", Escuintla
#EXTVLCOPT:http-player-type=m3u
https://iptv-org.github.io/iptv/subdivisions/gt-05.m3u
#EXTINF:-1 group-title="ALL- LISTS" tvg-logo="https://flagpedia.net/data/flags/h80/ehuetenang.png", Huehuetenango
#EXTVLCOPT:http-player-type=m3u
https://iptv-org.github.io/iptv/subdivisions/gt-13.m3u
#EXTINF:-1 group-title="ALL- LISTS" tvg-logo="https://flagpedia.net/data/flags/h80/aba.png", Izabal
#EXTVLCOPT:http-player-type=m3u
https://iptv-org.github.io/iptv/subdivisions/gt-18.m3u
#EXTINF:-1 group-title="ALL- LISTS" tvg-logo="https://flagpedia.net/data/flags/h80/ich.png", Quiche
#EXTVLCOPT:http-player-type=m3u
https://iptv-org.github.io/iptv/subdivisions/gt-14.m3u
#EXTINF:-1 group-title="ALL- LISTS" tvg-logo="https://flagpedia.net/data/flags/h80/catepeque.png", Sacatepequez
#EXTVLCOPT:http-player-type=m3u
https://iptv-org.github.io/iptv/subdivisions/gt-03.m3u
#EXTINF:-1 group-title="ALL- LISTS" tvg-logo="https://flagpedia.net/data/flags/h80/.png", Marcos
#EXTVLCOPT:http-player-type=m3u
https://iptv-org.github.io/iptv/subdivisions/gt-12.m3u
#EXTINF:-1 group-title="ALL- LISTS" tvg-logo="https://flagpedia.net/data/flags/h80/nt.png", Rosa
#EXTVLCOPT:http-player-type=m3u
https://iptv-org.github.io/iptv/subdivisions/gt-06.m3u
#EXTINF:-1 group-title="ALL- LISTS" tvg-logo="https://flagpedia.net/data/flags/h80/lol.png", Solola
#EXTVLCOPT:http-player-type=m3u
https://iptv-org.github.io/iptv/subdivisions/gt-07.m3u
#EXTINF:-1 group-title="ALL- LISTS" tvg-logo="https://flagpedia.net/data/flags/h80/tonicapa.png", Totonicapan
#EXTVLCOPT:http-player-type=m3u
https://iptv-org.github.io/iptv/subdivisions/gt-08.m3u
#EXTINF:-1 group-title="ALL- LISTS" tvg-logo="https://flagpedia.net/data/flags/h80/.png", Guernsey
#EXTVLCOPT:http-player-type=m3u
https://iptv-org.github.io/iptv/countries/gg.m3u
#EXTINF:-1 group-title="ALL- LISTS" tvg-logo="https://flagpedia.net/data/flags/h80/.png", Guinea
#EXTVLCOPT:http-player-type=m3u
https://iptv-org.github.io/iptv/countries/gn.m3u
#EXTINF:-1 group-title="ALL- LISTS" tvg-logo="https://flagpedia.net/data/flags/h80/.png", Guinea-Bissau
#EXTVLCOPT:http-player-type=m3u
https://iptv-org.github.io/iptv/countries/gw.m3u
#EXTINF:-1 group-title="ALL- LISTS" tvg-logo="https://flagpedia.net/data/flags/h80/.png", Guyana
#EXTVLCOPT:http-player-type=m3u
https://iptv-org.github.io/iptv/countries/gy.m3u
#EXTINF:-1 group-title="ALL- LISTS" tvg-logo="https://flagpedia.net/data/flags/h80/.png", Haiti
#EXTVLCOPT:http-player-type=m3u
https://iptv-org.github.io/iptv/countries/ht.m3u
#EXTINF:-1 group-title="ALL- LISTS" tvg-logo="https://flagpedia.net/data/flags/h80/.png", Honduras
#EXTVLCOPT:http-player-type=m3u
https://iptv-org.github.io/iptv/countries/hn.m3u
#EXTINF:-1 group-title="ALL- LISTS" tvg-logo="https://flagpedia.net/data/flags/h80/.png", Kong
#EXTVLCOPT:http-player-type=m3u
https://iptv-org.github.io/iptv/countries/hk.m3u
#EXTINF:-1 group-title="ALL- LISTS" tvg-logo="https://flagpedia.net/data/flags/h80/.png", Hungary
#EXTVLCOPT:http-player-type=m3u
https://iptv-org.github.io/iptv/countries/hu.m3u
#EXTINF:-1 group-title="ALL- LISTS" tvg-logo="https://flagpedia.net/data/flags/h80/.png", Iceland
#EXTVLCOPT:http-player-type=m3u
https://iptv-org.github.io/iptv/countries/is.m3u
#EXTINF:-1 group-title="ALL- LISTS" tvg-logo="https://flagpedia.net/data/flags/h80/.png", India
#EXTVLCOPT:http-player-type=m3u
https://iptv-org.github.io/iptv/countries/in.m3u
#EXTINF:-1 group-title="ALL- LISTS" tvg-logo="https://flagpedia.net/data/flags/h80/.png", Indonesia
#EXTVLCOPT:http-player-type=m3u
https://iptv-org.github.io/iptv/countries/id.m3u
#EXTINF:-1 group-title="ALL- LISTS" tvg-logo="https://flagpedia.net/data/flags/h80/e.png", Aceh
#EXTVLCOPT:http-player-type=m3u
https://iptv-org.github.io/iptv/subdivisions/id-ac.m3u
#EXTINF:-1 group-title="ALL- LISTS" tvg-logo="https://flagpedia.net/data/flags/h80/l.png", Bali
#EXTVLCOPT:http-player-type=m3u
https://iptv-org.github.io/iptv/subdivisions/id-ba.m3u
#EXTINF:-1 group-title="ALL- LISTS" tvg-logo="https://flagpedia.net/data/flags/h80/nte.png", Banten
#EXTVLCOPT:http-player-type=m3u
https://iptv-org.github.io/iptv/subdivisions/id-bt.m3u
#EXTINF:-1 group-title="ALL- LISTS" tvg-logo="https://flagpedia.net/data/flags/h80/ngkul.png", Bengkulu
#EXTVLCOPT:http-player-type=m3u
https://iptv-org.github.io/iptv/subdivisions/id-be.m3u
#EXTINF:-1 group-title="ALL- LISTS" tvg-logo="https://flagpedia.net/data/flags/h80/rontal.png", Gorontalo
#EXTVLCOPT:http-player-type=m3u
https://iptv-org.github.io/iptv/subdivisions/id-go.m3u
#EXTINF:-1 group-title="ALL- LISTS" tvg-logo="https://flagpedia.net/data/flags/h80/kart.png", Raya
#EXTVLCOPT:http-player-type=m3u
https://iptv-org.github.io/iptv/subdivisions/id-jk.m3u
#EXTINF:-1 group-title="ALL- LISTS" tvg-logo="https://flagpedia.net/data/flags/h80/mb.png", Jambi
#EXTVLCOPT:http-player-type=m3u
https://iptv-org.github.io/iptv/subdivisions/id-ja.m3u
#EXTINF:-1 group-title="ALL- LISTS" tvg-logo="https://flagpedia.net/data/flags/h80/w.png", Barat
#EXTVLCOPT:http-player-type=m3u
https://iptv-org.github.io/iptv/subdivisions/id-jb.m3u
#EXTINF:-1 group-title="ALL- LISTS" tvg-logo="https://flagpedia.net/data/flags/h80/w.png", Tengah
#EXTVLCOPT:http-player-type=m3u
https://iptv-org.github.io/iptv/subdivisions/id-jt.m3u
#EXTINF:-1 group-title="ALL- LISTS" tvg-logo="https://flagpedia.net/data/flags/h80/w.png", Timur
#EXTVLCOPT:http-player-type=m3u
https://iptv-org.github.io/iptv/subdivisions/id-ji.m3u
#EXTINF:-1 group-title="ALL- LISTS" tvg-logo="https://flagpedia.net/data/flags/h80/limanta.png", Barat
#EXTVLCOPT:http-player-type=m3u
https://iptv-org.github.io/iptv/subdivisions/id-kb.m3u
#EXTINF:-1 group-title="ALL- LISTS" tvg-logo="https://flagpedia.net/data/flags/h80/limanta.png", Selatan
#EXTVLCOPT:http-player-type=m3u
https://iptv-org.github.io/iptv/subdivisions/id-ks.m3u
#EXTINF:-1 group-title="ALL- LISTS" tvg-logo="https://flagpedia.net/data/flags/h80/limanta.png", Tengah
#EXTVLCOPT:http-player-type=m3u
https://iptv-org.github.io/iptv/subdivisions/id-kt.m3u
#EXTINF:-1 group-title="ALL- LISTS" tvg-logo="https://flagpedia.net/data/flags/h80/limanta.png", Timur
#EXTVLCOPT:http-player-type=m3u
https://iptv-org.github.io/iptv/subdivisions/id-ki.m3u
#EXTINF:-1 group-title="ALL- LISTS" tvg-logo="https://flagpedia.net/data/flags/h80/pulaua.png", Belitung
#EXTVLCOPT:http-player-type=m3u
https://iptv-org.github.io/iptv/subdivisions/id-bb.m3u
#EXTINF:-1 group-title="ALL- LISTS" tvg-logo="https://flagpedia.net/data/flags/h80/mpun.png", Lampung
#EXTVLCOPT:http-player-type=m3u
https://iptv-org.github.io/iptv/subdivisions/id-la.m3u
#EXTINF:-1 group-title="ALL- LISTS" tvg-logo="https://flagpedia.net/data/flags/h80/luk.png", Maluku
#EXTVLCOPT:http-player-type=m3u
https://iptv-org.github.io/iptv/subdivisions/id-ml.m3u
#EXTINF:-1 group-title="ALL- LISTS" tvg-logo="https://flagpedia.net/data/flags/h80/luk.png", Utara
#EXTVLCOPT:http-player-type=m3u
https://iptv-org.github.io/iptv/subdivisions/id-mu.m3u
#EXTINF:-1 group-title="ALL- LISTS" tvg-logo="https://flagpedia.net/data/flags/h80/s.png", Barat
#EXTVLCOPT:http-player-type=m3u
https://iptv-org.github.io/iptv/subdivisions/id-nb.m3u
#EXTINF:-1 group-title="ALL- LISTS" tvg-logo="https://flagpedia.net/data/flags/h80/s.png", Timur
#EXTVLCOPT:http-player-type=m3u
https://iptv-org.github.io/iptv/subdivisions/id-nt.m3u
#EXTINF:-1 group-title="ALL- LISTS" tvg-logo="https://flagpedia.net/data/flags/h80/pu.png", Papua
#EXTVLCOPT:http-player-type=m3u
https://iptv-org.github.io/iptv/subdivisions/id-pp.m3u
#EXTINF:-1 group-title="ALL- LISTS" tvg-logo="https://flagpedia.net/data/flags/h80/a.png", Riau
#EXTVLCOPT:http-player-type=m3u
https://iptv-org.github.io/iptv/subdivisions/id-ri.m3u
#EXTINF:-1 group-title="ALL- LISTS" tvg-logo="https://flagpedia.net/data/flags/h80/lawes.png", Barat
#EXTVLCOPT:http-player-type=m3u
https://iptv-org.github.io/iptv/subdivisions/id-sr.m3u
#EXTINF:-1 group-title="ALL- LISTS" tvg-logo="https://flagpedia.net/data/flags/h80/lawes.png", Selatan
#EXTVLCOPT:http-player-type=m3u
https://iptv-org.github.io/iptv/subdivisions/id-sn.m3u
#EXTINF:-1 group-title="ALL- LISTS" tvg-logo="https://flagpedia.net/data/flags/h80/lawes.png", Tengah
#EXTVLCOPT:http-player-type=m3u
https://iptv-org.github.io/iptv/subdivisions/id-st.m3u
#EXTINF:-1 group-title="ALL- LISTS" tvg-logo="https://flagpedia.net/data/flags/h80/lawes.png", Tenggara
#EXTVLCOPT:http-player-type=m3u
https://iptv-org.github.io/iptv/subdivisions/id-sg.m3u
#EXTINF:-1 group-title="ALL- LISTS" tvg-logo="https://flagpedia.net/data/flags/h80/mater.png", Barat
#EXTVLCOPT:http-player-type=m3u
https://iptv-org.github.io/iptv/subdivisions/id-sb.m3u
#EXTINF:-1 group-title="ALL- LISTS" tvg-logo="https://flagpedia.net/data/flags/h80/mater.png", Selatan
#EXTVLCOPT:http-player-type=m3u
https://iptv-org.github.io/iptv/subdivisions/id-ss.m3u
#EXTINF:-1 group-title="ALL- LISTS" tvg-logo="https://flagpedia.net/data/flags/h80/gyakart.png", Yogyakarta
#EXTVLCOPT:http-player-type=m3u
https://iptv-org.github.io/iptv/subdivisions/id-yo.m3u
#EXTINF:-1 group-title="ALL- LISTS" tvg-logo="https://flagpedia.net/data/flags/h80/.png", Iran
#EXTVLCOPT:http-player-type=m3u
https://iptv-org.github.io/iptv/countries/ir.m3u
#EXTINF:-1 group-title="ALL- LISTS" tvg-logo="https://flagpedia.net/data/flags/h80/hra.png", Tehran
#EXTVLCOPT:http-player-type=m3u
https://iptv-org.github.io/iptv/subdivisions/ir-23.m3u
#EXTINF:-1 group-title="ALL- LISTS" tvg-logo="https://flagpedia.net/data/flags/h80/.png", Iraq
#EXTVLCOPT:http-player-type=m3u
https://iptv-org.github.io/iptv/countries/iq.m3u
#EXTINF:-1 group-title="ALL- LISTS" tvg-logo="https://flagpedia.net/data/flags/h80/.png", Ireland
#EXTVLCOPT:http-player-type=m3u
https://iptv-org.github.io/iptv/countries/ie.m3u
#EXTINF:-1 group-title="ALL- LISTS" tvg-logo="https://flagpedia.net/data/flags/h80/.png", Israel
#EXTVLCOPT:http-player-type=m3u
https://iptv-org.github.io/iptv/countries/il.m3u
#EXTINF:-1 group-title="ALL- LISTS" tvg-logo="https://flagpedia.net/data/flags/h80/.png", Italy
#EXTVLCOPT:http-player-type=m3u
https://iptv-org.github.io/iptv/countries/it.m3u
#EXTINF:-1 group-title="ALL- LISTS" tvg-logo="https://flagpedia.net/data/flags/h80/entino-alt.png", Adige
#EXTVLCOPT:http-player-type=m3u
https://iptv-org.github.io/iptv/subdivisions/it-32.m3u
#EXTINF:-1 group-title="ALL- LISTS" tvg-logo="https://flagpedia.net/data/flags/h80/.png", Coast
#EXTVLCOPT:http-player-type=m3u
https://iptv-org.github.io/iptv/countries/ci.m3u
#EXTINF:-1 group-title="ALL- LISTS" tvg-logo="https://flagpedia.net/data/flags/h80/.png", Jamaica
#EXTVLCOPT:http-player-type=m3u
https://iptv-org.github.io/iptv/countries/jm.m3u
#EXTINF:-1 group-title="ALL- LISTS" tvg-logo="https://flagpedia.net/data/flags/h80/.png", Japan
#EXTVLCOPT:http-player-type=m3u
https://iptv-org.github.io/iptv/countries/jp.m3u
#EXTINF:-1 group-title="ALL- LISTS" tvg-logo="https://flagpedia.net/data/flags/h80/ib.png", Chiba
#EXTVLCOPT:http-player-type=m3u
https://iptv-org.github.io/iptv/subdivisions/jp-12.m3u
#EXTINF:-1 group-title="ALL- LISTS" tvg-logo="https://flagpedia.net/data/flags/h80/nm.png", Gunma
#EXTVLCOPT:http-player-type=m3u
https://iptv-org.github.io/iptv/subdivisions/jp-10.m3u
#EXTINF:-1 group-title="ALL- LISTS" tvg-logo="https://flagpedia.net/data/flags/h80/arak.png", Ibaraki
#EXTVLCOPT:http-player-type=m3u
https://iptv-org.github.io/iptv/subdivisions/jp-08.m3u
#EXTINF:-1 group-title="ALL- LISTS" tvg-logo="https://flagpedia.net/data/flags/h80/nagaw.png", Kanagawa
#EXTVLCOPT:http-player-type=m3u
https://iptv-org.github.io/iptv/subdivisions/jp-14.m3u
#EXTINF:-1 group-title="ALL- LISTS" tvg-logo="https://flagpedia.net/data/flags/h80/ak.png", Osaka
#EXTVLCOPT:http-player-type=m3u
https://iptv-org.github.io/iptv/subdivisions/jp-27.m3u
#EXTINF:-1 group-title="ALL- LISTS" tvg-logo="https://flagpedia.net/data/flags/h80/itam.png", Saitama
#EXTVLCOPT:http-player-type=m3u
https://iptv-org.github.io/iptv/subdivisions/jp-11.m3u
#EXTINF:-1 group-title="ALL- LISTS" tvg-logo="https://flagpedia.net/data/flags/h80/chig.png", Tochigi
#EXTVLCOPT:http-player-type=m3u
https://iptv-org.github.io/iptv/subdivisions/jp-09.m3u
#EXTINF:-1 group-title="ALL- LISTS" tvg-logo="https://flagpedia.net/data/flags/h80/ky.png", Tokyo
#EXTVLCOPT:http-player-type=m3u
https://iptv-org.github.io/iptv/subdivisions/jp-13.m3u
#EXTINF:-1 group-title="ALL- LISTS" tvg-logo="https://flagpedia.net/data/flags/h80/.png", Jordan
#EXTVLCOPT:http-player-type=m3u
https://iptv-org.github.io/iptv/countries/jo.m3u
#EXTINF:-1 group-title="ALL- LISTS" tvg-logo="https://flagpedia.net/data/flags/h80/.png", Kazakhstan
#EXTVLCOPT:http-player-type=m3u
https://iptv-org.github.io/iptv/countries/kz.m3u
#EXTINF:-1 group-title="ALL- LISTS" tvg-logo="https://flagpedia.net/data/flags/h80/.png", Kenya
#EXTVLCOPT:http-player-type=m3u
https://iptv-org.github.io/iptv/countries/ke.m3u
#EXTINF:-1 group-title="ALL- LISTS" tvg-logo="https://flagpedia.net/data/flags/h80/.png", Kiribati
#EXTVLCOPT:http-player-type=m3u
https://iptv-org.github.io/iptv/countries/ki.m3u
#EXTINF:-1 group-title="ALL- LISTS" tvg-logo="https://flagpedia.net/data/flags/h80/.png", Kosovo
#EXTVLCOPT:http-player-type=m3u
https://iptv-org.github.io/iptv/countries/xk.m3u
#EXTINF:-1 group-title="ALL- LISTS" tvg-logo="https://flagpedia.net/data/flags/h80/.png", Kuwait
#EXTVLCOPT:http-player-type=m3u
https://iptv-org.github.io/iptv/countries/kw.m3u
#EXTINF:-1 group-title="ALL- LISTS" tvg-logo="https://flagpedia.net/data/flags/h80/.png", Kyrgyzstan
#EXTVLCOPT:http-player-type=m3u
https://iptv-org.github.io/iptv/countries/kg.m3u
#EXTINF:-1 group-title="ALL- LISTS" tvg-logo="https://flagpedia.net/data/flags/h80/.png", Laos
#EXTVLCOPT:http-player-type=m3u
https://iptv-org.github.io/iptv/countries/la.m3u
#EXTINF:-1 group-title="ALL- LISTS" tvg-logo="https://flagpedia.net/data/flags/h80/.png", Latvia
#EXTVLCOPT:http-player-type=m3u
https://iptv-org.github.io/iptv/countries/lv.m3u
#EXTINF:-1 group-title="ALL- LISTS" tvg-logo="https://flagpedia.net/data/flags/h80/.png", Lebanon
#EXTVLCOPT:http-player-type=m3u
https://iptv-org.github.io/iptv/countries/lb.m3u
#EXTINF:-1 group-title="ALL- LISTS" tvg-logo="https://flagpedia.net/data/flags/h80/.png", Lesotho
#EXTVLCOPT:http-player-type=m3u
https://iptv-org.github.io/iptv/countries/ls.m3u
#EXTINF:-1 group-title="ALL- LISTS" tvg-logo="https://flagpedia.net/data/flags/h80/.png", Liberia
#EXTVLCOPT:http-player-type=m3u
https://iptv-org.github.io/iptv/countries/lr.m3u
#EXTINF:-1 group-title="ALL- LISTS" tvg-logo="https://flagpedia.net/data/flags/h80/.png", Libya
#EXTVLCOPT:http-player-type=m3u
https://iptv-org.github.io/iptv/countries/ly.m3u
#EXTINF:-1 group-title="ALL- LISTS" tvg-logo="https://flagpedia.net/data/flags/h80/.png", Liechtenstein
#EXTVLCOPT:http-player-type=m3u
https://iptv-org.github.io/iptv/countries/li.m3u
#EXTINF:-1 group-title="ALL- LISTS" tvg-logo="https://flagpedia.net/data/flags/h80/.png", Lithuania
#EXTVLCOPT:http-player-type=m3u
https://iptv-org.github.io/iptv/countries/lt.m3u
#EXTINF:-1 group-title="ALL- LISTS" tvg-logo="https://flagpedia.net/data/flags/h80/.png", Luxembourg
#EXTVLCOPT:http-player-type=m3u
https://iptv-org.github.io/iptv/countries/lu.m3u
#EXTINF:-1 group-title="ALL- LISTS" tvg-logo="https://flagpedia.net/data/flags/h80/.png", Macao
#EXTVLCOPT:http-player-type=m3u
https://iptv-org.github.io/iptv/countries/mo.m3u
#EXTINF:-1 group-title="ALL- LISTS" tvg-logo="https://flagpedia.net/data/flags/h80/.png", Madagascar
#EXTVLCOPT:http-player-type=m3u
https://iptv-org.github.io/iptv/countries/mg.m3u
#EXTINF:-1 group-title="ALL- LISTS" tvg-logo="https://flagpedia.net/data/flags/h80/.png", Malawi
#EXTVLCOPT:http-player-type=m3u
https://iptv-org.github.io/iptv/countries/mw.m3u
#EXTINF:-1 group-title="ALL- LISTS" tvg-logo="https://flagpedia.net/data/flags/h80/.png", Malaysia
#EXTVLCOPT:http-player-type=m3u
https://iptv-org.github.io/iptv/countries/my.m3u
#EXTINF:-1 group-title="ALL- LISTS" tvg-logo="https://flagpedia.net/data/flags/h80/.png", Maldives
#EXTVLCOPT:http-player-type=m3u
https://iptv-org.github.io/iptv/countries/mv.m3u
#EXTINF:-1 group-title="ALL- LISTS" tvg-logo="https://flagpedia.net/data/flags/h80/.png", Mali
#EXTVLCOPT:http-player-type=m3u
https://iptv-org.github.io/iptv/countries/ml.m3u
#EXTINF:-1 group-title="ALL- LISTS" tvg-logo="https://flagpedia.net/data/flags/h80/.png", Malta
#EXTVLCOPT:http-player-type=m3u
https://iptv-org.github.io/iptv/countries/mt.m3u
#EXTINF:-1 group-title="ALL- LISTS" tvg-logo="https://flagpedia.net/data/flags/h80/.png", Islands
#EXTVLCOPT:http-player-type=m3u
https://iptv-org.github.io/iptv/countries/mh.m3u
#EXTINF:-1 group-title="ALL- LISTS" tvg-logo="https://flagpedia.net/data/flags/h80/.png", Martinique
#EXTVLCOPT:http-player-type=m3u
https://iptv-org.github.io/iptv/countries/mq.m3u
#EXTINF:-1 group-title="ALL- LISTS" tvg-logo="https://flagpedia.net/data/flags/h80/.png", Mauritania
#EXTVLCOPT:http-player-type=m3u
https://iptv-org.github.io/iptv/countries/mr.m3u
#EXTINF:-1 group-title="ALL- LISTS" tvg-logo="https://flagpedia.net/data/flags/h80/.png", Mauritius
#EXTVLCOPT:http-player-type=m3u
https://iptv-org.github.io/iptv/countries/mu.m3u
#EXTINF:-1 group-title="ALL- LISTS" tvg-logo="https://flagpedia.net/data/flags/h80/.png", Mayotte
#EXTVLCOPT:http-player-type=m3u
https://iptv-org.github.io/iptv/countries/yt.m3u
#EXTINF:-1 group-title="ALL- LISTS" tvg-logo="https://flagpedia.net/data/flags/h80/.png", Mexico
#EXTVLCOPT:http-player-type=m3u
https://iptv-org.github.io/iptv/countries/mx.m3u
#EXTINF:-1 group-title="ALL- LISTS" tvg-logo="https://flagpedia.net/data/flags/h80/uascaliente.png", Aguascalientes
#EXTVLCOPT:http-player-type=m3u
https://iptv-org.github.io/iptv/subdivisions/mx-agu.m3u
#EXTINF:-1 group-title="ALL- LISTS" tvg-logo="https://flagpedia.net/data/flags/h80/j.png", California
#EXTVLCOPT:http-player-type=m3u
https://iptv-org.github.io/iptv/subdivisions/mx-bcn.m3u
#EXTINF:-1 group-title="ALL- LISTS" tvg-logo="https://flagpedia.net/data/flags/h80/ihuahu.png", Chihuahua
#EXTVLCOPT:http-player-type=m3u
https://iptv-org.github.io/iptv/subdivisions/mx-chh.m3u
#EXTINF:-1 group-title="ALL- LISTS" tvg-logo="https://flagpedia.net/data/flags/h80/uda.png", Mexico
#EXTVLCOPT:http-player-type=m3u
https://iptv-org.github.io/iptv/subdivisions/mx-cmx.m3u
#EXTINF:-1 group-title="ALL- LISTS" tvg-logo="https://flagpedia.net/data/flags/h80/ahuil.png", Zaragoza
#EXTVLCOPT:http-player-type=m3u
https://iptv-org.github.io/iptv/subdivisions/mx-coa.m3u
#EXTINF:-1 group-title="ALL- LISTS" tvg-logo="https://flagpedia.net/data/flags/h80/rang.png", Durango
#EXTVLCOPT:http-player-type=m3u
https://iptv-org.github.io/iptv/subdivisions/mx-dur.m3u
#EXTINF:-1 group-title="ALL- LISTS" tvg-logo="https://flagpedia.net/data/flags/h80/anajuat.png", Guanajuato
#EXTVLCOPT:http-player-type=m3u
https://iptv-org.github.io/iptv/subdivisions/mx-gua.m3u
#EXTINF:-1 group-title="ALL- LISTS" tvg-logo="https://flagpedia.net/data/flags/h80/errer.png", Guerrero
#EXTVLCOPT:http-player-type=m3u
https://iptv-org.github.io/iptv/subdivisions/mx-gro.m3u
#EXTINF:-1 group-title="ALL- LISTS" tvg-logo="https://flagpedia.net/data/flags/h80/lisc.png", Jalisco
#EXTVLCOPT:http-player-type=m3u
https://iptv-org.github.io/iptv/subdivisions/mx-jal.m3u
#EXTINF:-1 group-title="ALL- LISTS" tvg-logo="https://flagpedia.net/data/flags/h80/relo.png", Morelos
#EXTVLCOPT:http-player-type=m3u
https://iptv-org.github.io/iptv/subdivisions/mx-mor.m3u
#EXTINF:-1 group-title="ALL- LISTS" tvg-logo="https://flagpedia.net/data/flags/h80/ev.png", Leon
#EXTVLCOPT:http-player-type=m3u
https://iptv-org.github.io/iptv/subdivisions/mx-nle.m3u
#EXTINF:-1 group-title="ALL- LISTS" tvg-logo="https://flagpedia.net/data/flags/h80/ebl.png", Puebla
#EXTVLCOPT:http-player-type=m3u
https://iptv-org.github.io/iptv/subdivisions/mx-pue.m3u
#EXTINF:-1 group-title="ALL- LISTS" tvg-logo="https://flagpedia.net/data/flags/h80/eretar.png", Queretaro
#EXTVLCOPT:http-player-type=m3u
https://iptv-org.github.io/iptv/subdivisions/mx-que.m3u
#EXTINF:-1 group-title="ALL- LISTS" tvg-logo="https://flagpedia.net/data/flags/h80/intan.png", Roo
#EXTVLCOPT:http-player-type=m3u
https://iptv-org.github.io/iptv/subdivisions/mx-roo.m3u
#EXTINF:-1 group-title="ALL- LISTS" tvg-logo="https://flagpedia.net/data/flags/h80/.png", Potosi
#EXTVLCOPT:http-player-type=m3u
https://iptv-org.github.io/iptv/subdivisions/mx-slp.m3u
#EXTINF:-1 group-title="ALL- LISTS" tvg-logo="https://flagpedia.net/data/flags/h80/nalo.png", Sinaloa
#EXTVLCOPT:http-player-type=m3u
https://iptv-org.github.io/iptv/subdivisions/mx-sin.m3u
#EXTINF:-1 group-title="ALL- LISTS" tvg-logo="https://flagpedia.net/data/flags/h80/nor.png", Sonora
#EXTVLCOPT:http-player-type=m3u
https://iptv-org.github.io/iptv/subdivisions/mx-son.m3u
#EXTINF:-1 group-title="ALL- LISTS" tvg-logo="https://flagpedia.net/data/flags/h80/maulipa.png", Tamaulipas
#EXTVLCOPT:http-player-type=m3u
https://iptv-org.github.io/iptv/subdivisions/mx-tam.m3u
#EXTINF:-1 group-title="ALL- LISTS" tvg-logo="https://flagpedia.net/data/flags/h80/racru.png", Llave
#EXTVLCOPT:http-player-type=m3u
https://iptv-org.github.io/iptv/subdivisions/mx-ver.m3u
#EXTINF:-1 group-title="ALL- LISTS" tvg-logo="https://flagpedia.net/data/flags/h80/cata.png", Yucatan
#EXTVLCOPT:http-player-type=m3u
https://iptv-org.github.io/iptv/subdivisions/mx-yuc.m3u
#EXTINF:-1 group-title="ALL- LISTS" tvg-logo="https://flagpedia.net/data/flags/h80/cateca.png", Zacatecas
#EXTVLCOPT:http-player-type=m3u
https://iptv-org.github.io/iptv/subdivisions/mx-zac.m3u
#EXTINF:-1 group-title="ALL- LISTS" tvg-logo="https://flagpedia.net/data/flags/h80/.png", Micronesia
#EXTVLCOPT:http-player-type=m3u
https://iptv-org.github.io/iptv/countries/fm.m3u
#EXTINF:-1 group-title="ALL- LISTS" tvg-logo="https://flagpedia.net/data/flags/h80/.png", Moldova
#EXTVLCOPT:http-player-type=m3u
https://iptv-org.github.io/iptv/countries/md.m3u
#EXTINF:-1 group-title="ALL- LISTS" tvg-logo="https://flagpedia.net/data/flags/h80/.png", Monaco
#EXTVLCOPT:http-player-type=m3u
https://iptv-org.github.io/iptv/countries/mc.m3u
#EXTINF:-1 group-title="ALL- LISTS" tvg-logo="https://flagpedia.net/data/flags/h80/.png", Mongolia
#EXTVLCOPT:http-player-type=m3u
https://iptv-org.github.io/iptv/countries/mn.m3u
#EXTINF:-1 group-title="ALL- LISTS" tvg-logo="https://flagpedia.net/data/flags/h80/.png", Montenegro
#EXTVLCOPT:http-player-type=m3u
https://iptv-org.github.io/iptv/countries/me.m3u
#EXTINF:-1 group-title="ALL- LISTS" tvg-logo="https://flagpedia.net/data/flags/h80/cin.png", Ulcinj
#EXTVLCOPT:http-player-type=m3u
https://iptv-org.github.io/iptv/subdivisions/me-20.m3u
#EXTINF:-1 group-title="ALL- LISTS" tvg-logo="https://flagpedia.net/data/flags/h80/.png", Montserrat
#EXTVLCOPT:http-player-type=m3u
https://iptv-org.github.io/iptv/countries/ms.m3u
#EXTINF:-1 group-title="ALL- LISTS" tvg-logo="https://flagpedia.net/data/flags/h80/.png", Morocco
#EXTVLCOPT:http-player-type=m3u
https://iptv-org.github.io/iptv/countries/ma.m3u
#EXTINF:-1 group-title="ALL- LISTS" tvg-logo="https://flagpedia.net/data/flags/h80/.png", Mozambique
#EXTVLCOPT:http-player-type=m3u
https://iptv-org.github.io/iptv/countries/mz.m3u
#EXTINF:-1 group-title="ALL- LISTS" tvg-logo="https://flagpedia.net/data/flags/h80/.png", (Burma)
#EXTVLCOPT:http-player-type=m3u
https://iptv-org.github.io/iptv/countries/mm.m3u
#EXTINF:-1 group-title="ALL- LISTS" tvg-logo="https://flagpedia.net/data/flags/h80/.png", Namibia
#EXTVLCOPT:http-player-type=m3u
https://iptv-org.github.io/iptv/countries/na.m3u
#EXTINF:-1 group-title="ALL- LISTS" tvg-logo="https://flagpedia.net/data/flags/h80/.png", Nauru
#EXTVLCOPT:http-player-type=m3u
https://iptv-org.github.io/iptv/countries/nr.m3u
#EXTINF:-1 group-title="ALL- LISTS" tvg-logo="https://flagpedia.net/data/flags/h80/.png", Nepal
#EXTVLCOPT:http-player-type=m3u
https://iptv-org.github.io/iptv/countries/np.m3u
#EXTINF:-1 group-title="ALL- LISTS" tvg-logo="https://flagpedia.net/data/flags/h80/.png", Netherlands
#EXTVLCOPT:http-player-type=m3u
https://iptv-org.github.io/iptv/countries/nl.m3u
#EXTINF:-1 group-title="ALL- LISTS" tvg-logo="https://flagpedia.net/data/flags/h80/.png", Caledonia
#EXTVLCOPT:http-player-type=m3u
https://iptv-org.github.io/iptv/countries/nc.m3u
#EXTINF:-1 group-title="ALL- LISTS" tvg-logo="https://flagpedia.net/data/flags/h80/.png", Zealand
#EXTVLCOPT:http-player-type=m3u
https://iptv-org.github.io/iptv/countries/nz.m3u
#EXTINF:-1 group-title="ALL- LISTS" tvg-logo="https://flagpedia.net/data/flags/h80/.png", Nicaragua
#EXTVLCOPT:http-player-type=m3u
https://iptv-org.github.io/iptv/countries/ni.m3u
#EXTINF:-1 group-title="ALL- LISTS" tvg-logo="https://flagpedia.net/data/flags/h80/.png", Niger
#EXTVLCOPT:http-player-type=m3u
https://iptv-org.github.io/iptv/countries/ne.m3u
#EXTINF:-1 group-title="ALL- LISTS" tvg-logo="https://flagpedia.net/data/flags/h80/.png", Nigeria
#EXTVLCOPT:http-player-type=m3u
https://iptv-org.github.io/iptv/countries/ng.m3u
#EXTINF:-1 group-title="ALL- LISTS" tvg-logo="https://flagpedia.net/data/flags/h80/.png", Niue
#EXTVLCOPT:http-player-type=m3u
https://iptv-org.github.io/iptv/countries/nu.m3u
#EXTINF:-1 group-title="ALL- LISTS" tvg-logo="https://flagpedia.net/data/flags/h80/.png", Island
#EXTVLCOPT:http-player-type=m3u
https://iptv-org.github.io/iptv/countries/nf.m3u
#EXTINF:-1 group-title="ALL- LISTS" tvg-logo="https://flagpedia.net/data/flags/h80/.png", Korea
#EXTVLCOPT:http-player-type=m3u
https://iptv-org.github.io/iptv/countries/kp.m3u
#EXTINF:-1 group-title="ALL- LISTS" tvg-logo="https://flagpedia.net/data/flags/h80/.png", Macedonia
#EXTVLCOPT:http-player-type=m3u
https://iptv-org.github.io/iptv/countries/mk.m3u
#EXTINF:-1 group-title="ALL- LISTS" tvg-logo="https://flagpedia.net/data/flags/h80/.png", Islands
#EXTVLCOPT:http-player-type=m3u
https://iptv-org.github.io/iptv/countries/mp.m3u
#EXTINF:-1 group-title="ALL- LISTS" tvg-logo="https://flagpedia.net/data/flags/h80/.png", Norway
#EXTVLCOPT:http-player-type=m3u
https://iptv-org.github.io/iptv/countries/no.m3u
#EXTINF:-1 group-title="ALL- LISTS" tvg-logo="https://flagpedia.net/data/flags/h80/.png", Oman
#EXTVLCOPT:http-player-type=m3u
https://iptv-org.github.io/iptv/countries/om.m3u
#EXTINF:-1 group-title="ALL- LISTS" tvg-logo="https://flagpedia.net/data/flags/h80/.png", Pakistan
#EXTVLCOPT:http-player-type=m3u
https://iptv-org.github.io/iptv/countries/pk.m3u
#EXTINF:-1 group-title="ALL- LISTS" tvg-logo="https://flagpedia.net/data/flags/h80/lamaba.png", Islamabad
#EXTVLCOPT:http-player-type=m3u
https://iptv-org.github.io/iptv/subdivisions/pk-is.m3u
#EXTINF:-1 group-title="ALL- LISTS" tvg-logo="https://flagpedia.net/data/flags/h80/.png", Palau
#EXTVLCOPT:http-player-type=m3u
https://iptv-org.github.io/iptv/countries/pw.m3u
#EXTINF:-1 group-title="ALL- LISTS" tvg-logo="https://flagpedia.net/data/flags/h80/.png", Palestine
#EXTVLCOPT:http-player-type=m3u
https://iptv-org.github.io/iptv/countries/ps.m3u
#EXTINF:-1 group-title="ALL- LISTS" tvg-logo="https://flagpedia.net/data/flags/h80/.png", Panama
#EXTVLCOPT:http-player-type=m3u
https://iptv-org.github.io/iptv/countries/pa.m3u
#EXTINF:-1 group-title="ALL- LISTS" tvg-logo="https://flagpedia.net/data/flags/h80/.png", Guinea
#EXTVLCOPT:http-player-type=m3u
https://iptv-org.github.io/iptv/countries/pg.m3u
#EXTINF:-1 group-title="ALL- LISTS" tvg-logo="https://flagpedia.net/data/flags/h80/.png", Paraguay
#EXTVLCOPT:http-player-type=m3u
https://iptv-org.github.io/iptv/countries/py.m3u
#EXTINF:-1 group-title="ALL- LISTS" tvg-logo="https://flagpedia.net/data/flags/h80/t.png", Parana
#EXTVLCOPT:http-player-type=m3u
https://iptv-org.github.io/iptv/subdivisions/py-10.m3u
#EXTINF:-1 group-title="ALL- LISTS" tvg-logo="https://flagpedia.net/data/flags/h80/quero.png", Boqueron
#EXTVLCOPT:http-player-type=m3u
https://iptv-org.github.io/iptv/subdivisions/py-19.m3u
#EXTINF:-1 group-title="ALL- LISTS" tvg-logo="https://flagpedia.net/data/flags/h80/aguaz.png", Caaguazu
#EXTVLCOPT:http-player-type=m3u
https://iptv-org.github.io/iptv/subdivisions/py-5.m3u
#EXTINF:-1 group-title="ALL- LISTS" tvg-logo="https://flagpedia.net/data/flags/h80/ntra.png", Central
#EXTVLCOPT:http-player-type=m3u
https://iptv-org.github.io/iptv/subdivisions/py-11.m3u
#EXTINF:-1 group-title="ALL- LISTS" tvg-logo="https://flagpedia.net/data/flags/h80/apu.png", Itapua
#EXTVLCOPT:http-player-type=m3u
https://iptv-org.github.io/iptv/subdivisions/py-7.m3u
#EXTINF:-1 group-title="ALL- LISTS" tvg-logo="https://flagpedia.net/data/flags/h80/esident.png", Hayes
#EXTVLCOPT:http-player-type=m3u
https://iptv-org.github.io/iptv/subdivisions/py-15.m3u
#EXTINF:-1 group-title="ALL- LISTS" tvg-logo="https://flagpedia.net/data/flags/h80/.png", Peru
#EXTVLCOPT:http-player-type=m3u
https://iptv-org.github.io/iptv/countries/pe.m3u
#EXTINF:-1 group-title="ALL- LISTS" tvg-logo="https://flagpedia.net/data/flags/h80/azona.png", Amazonas
#EXTVLCOPT:http-player-type=m3u
https://iptv-org.github.io/iptv/subdivisions/pe-ama.m3u
#EXTINF:-1 group-title="ALL- LISTS" tvg-logo="https://flagpedia.net/data/flags/h80/cas.png", Ancash
#EXTVLCOPT:http-player-type=m3u
https://iptv-org.github.io/iptv/subdivisions/pe-anc.m3u
#EXTINF:-1 group-title="ALL- LISTS" tvg-logo="https://flagpedia.net/data/flags/h80/urima.png", Apurimac
#EXTVLCOPT:http-player-type=m3u
https://iptv-org.github.io/iptv/subdivisions/pe-apu.m3u
#EXTINF:-1 group-title="ALL- LISTS" tvg-logo="https://flagpedia.net/data/flags/h80/equip.png", Arequipa
#EXTVLCOPT:http-player-type=m3u
https://iptv-org.github.io/iptv/subdivisions/pe-are.m3u
#EXTINF:-1 group-title="ALL- LISTS" tvg-logo="https://flagpedia.net/data/flags/h80/acuch.png", Ayacucho
#EXTVLCOPT:http-player-type=m3u
https://iptv-org.github.io/iptv/subdivisions/pe-aya.m3u
#EXTINF:-1 group-title="ALL- LISTS" tvg-logo="https://flagpedia.net/data/flags/h80/sc.png", Cusco
#EXTVLCOPT:http-player-type=m3u
https://iptv-org.github.io/iptv/subdivisions/pe-cus.m3u
#EXTINF:-1 group-title="ALL- LISTS" tvg-logo="https://flagpedia.net/data/flags/h80/ni.png", Junin
#EXTVLCOPT:http-player-type=m3u
https://iptv-org.github.io/iptv/subdivisions/pe-jun.m3u
#EXTINF:-1 group-title="ALL- LISTS" tvg-logo="https://flagpedia.net/data/flags/h80/m.png", Lima
#EXTVLCOPT:http-player-type=m3u
https://iptv-org.github.io/iptv/subdivisions/pe-lim.m3u
#EXTINF:-1 group-title="ALL- LISTS" tvg-logo="https://flagpedia.net/data/flags/h80/ret.png", Loreto
#EXTVLCOPT:http-player-type=m3u
https://iptv-org.github.io/iptv/subdivisions/pe-lor.m3u
#EXTINF:-1 group-title="ALL- LISTS" tvg-logo="https://flagpedia.net/data/flags/h80/quegu.png", Moquegua
#EXTVLCOPT:http-player-type=m3u
https://iptv-org.github.io/iptv/subdivisions/pe-moq.m3u
#EXTINF:-1 group-title="ALL- LISTS" tvg-logo="https://flagpedia.net/data/flags/h80/n.png", Puno
#EXTVLCOPT:http-player-type=m3u
https://iptv-org.github.io/iptv/subdivisions/pe-pun.m3u
#EXTINF:-1 group-title="ALL- LISTS" tvg-logo="https://flagpedia.net/data/flags/h80/.png", Martin
#EXTVLCOPT:http-player-type=m3u
https://iptv-org.github.io/iptv/subdivisions/pe-sam.m3u
#EXTINF:-1 group-title="ALL- LISTS" tvg-logo="https://flagpedia.net/data/flags/h80/ayal.png", Ucayali
#EXTVLCOPT:http-player-type=m3u
https://iptv-org.github.io/iptv/subdivisions/pe-uca.m3u
#EXTINF:-1 group-title="ALL- LISTS" tvg-logo="https://flagpedia.net/data/flags/h80/.png", Philippines
#EXTVLCOPT:http-player-type=m3u
https://iptv-org.github.io/iptv/countries/ph.m3u
#EXTINF:-1 group-title="ALL- LISTS" tvg-logo="https://flagpedia.net/data/flags/h80/.png", Islands
#EXTVLCOPT:http-player-type=m3u
https://iptv-org.github.io/iptv/countries/pn.m3u
#EXTINF:-1 group-title="ALL- LISTS" tvg-logo="https://flagpedia.net/data/flags/h80/.png", Poland
#EXTVLCOPT:http-player-type=m3u
https://iptv-org.github.io/iptv/countries/pl.m3u
#EXTINF:-1 group-title="ALL- LISTS" tvg-logo="https://flagpedia.net/data/flags/h80/.png", Portugal
#EXTVLCOPT:http-player-type=m3u
https://iptv-org.github.io/iptv/countries/pt.m3u
#EXTINF:-1 group-title="ALL- LISTS" tvg-logo="https://flagpedia.net/data/flags/h80/.png", Rico
#EXTVLCOPT:http-player-type=m3u
https://iptv-org.github.io/iptv/countries/pr.m3u
#EXTINF:-1 group-title="ALL- LISTS" tvg-logo="https://flagpedia.net/data/flags/h80/.png", Qatar
#EXTVLCOPT:http-player-type=m3u
https://iptv-org.github.io/iptv/countries/qa.m3u
#EXTINF:-1 group-title="ALL- LISTS" tvg-logo="https://flagpedia.net/data/flags/h80/.png", Congo
#EXTVLCOPT:http-player-type=m3u
https://iptv-org.github.io/iptv/countries/cg.m3u
#EXTINF:-1 group-title="ALL- LISTS" tvg-logo="https://flagpedia.net/data/flags/h80/azzavill.png", Brazzaville
#EXTVLCOPT:http-player-type=m3u
https://iptv-org.github.io/iptv/subdivisions/cg-bzv.m3u
#EXTINF:-1 group-title="ALL- LISTS" tvg-logo="https://flagpedia.net/data/flags/h80/.png", Runion
#EXTVLCOPT:http-player-type=m3u
https://iptv-org.github.io/iptv/countries/re.m3u
#EXTINF:-1 group-title="ALL- LISTS" tvg-logo="https://flagpedia.net/data/flags/h80/.png", Romania
#EXTVLCOPT:http-player-type=m3u
https://iptv-org.github.io/iptv/countries/ro.m3u
#EXTINF:-1 group-title="ALL- LISTS" tvg-logo="https://flagpedia.net/data/flags/h80/r.png", Gorj
#EXTVLCOPT:http-player-type=m3u
https://iptv-org.github.io/iptv/subdivisions/ro-gj.m3u
#EXTINF:-1 group-title="ALL- LISTS" tvg-logo="https://flagpedia.net/data/flags/h80/.png", Russia
#EXTVLCOPT:http-player-type=m3u
https://iptv-org.github.io/iptv/countries/ru.m3u
#EXTINF:-1 group-title="ALL- LISTS" tvg-logo="https://flagpedia.net/data/flags/h80/.png", Rwanda
#EXTVLCOPT:http-player-type=m3u
https://iptv-org.github.io/iptv/countries/rw.m3u
#EXTINF:-1 group-title="ALL- LISTS" tvg-logo="https://flagpedia.net/data/flags/h80/.png", Barthlemy
#EXTVLCOPT:http-player-type=m3u
https://iptv-org.github.io/iptv/countries/bl.m3u
#EXTINF:-1 group-title="ALL- LISTS" tvg-logo="https://flagpedia.net/data/flags/h80/.png", Helena
#EXTVLCOPT:http-player-type=m3u
https://iptv-org.github.io/iptv/countries/sh.m3u
#EXTINF:-1 group-title="ALL- LISTS" tvg-logo="https://flagpedia.net/data/flags/h80/.png", Nevis
#EXTVLCOPT:http-player-type=m3u
https://iptv-org.github.io/iptv/countries/kn.m3u
#EXTINF:-1 group-title="ALL- LISTS" tvg-logo="https://flagpedia.net/data/flags/h80/.png", Lucia
#EXTVLCOPT:http-player-type=m3u
https://iptv-org.github.io/iptv/countries/lc.m3u
#EXTINF:-1 group-title="ALL- LISTS" tvg-logo="https://flagpedia.net/data/flags/h80/.png", Martin
#EXTVLCOPT:http-player-type=m3u
https://iptv-org.github.io/iptv/countries/mf.m3u
#EXTINF:-1 group-title="ALL- LISTS" tvg-logo="https://flagpedia.net/data/flags/h80/.png", Miquelon
#EXTVLCOPT:http-player-type=m3u
https://iptv-org.github.io/iptv/countries/pm.m3u
#EXTINF:-1 group-title="ALL- LISTS" tvg-logo="https://flagpedia.net/data/flags/h80/.png", Grenadines
#EXTVLCOPT:http-player-type=m3u
https://iptv-org.github.io/iptv/countries/vc.m3u
#EXTINF:-1 group-title="ALL- LISTS" tvg-logo="https://flagpedia.net/data/flags/h80/.png", Samoa
#EXTVLCOPT:http-player-type=m3u
https://iptv-org.github.io/iptv/countries/ws.m3u
#EXTINF:-1 group-title="ALL- LISTS" tvg-logo="https://flagpedia.net/data/flags/h80/.png", Marino
#EXTVLCOPT:http-player-type=m3u
https://iptv-org.github.io/iptv/countries/sm.m3u
#EXTINF:-1 group-title="ALL- LISTS" tvg-logo="https://flagpedia.net/data/flags/h80/.png", Prncipe
#EXTVLCOPT:http-player-type=m3u
https://iptv-org.github.io/iptv/countries/st.m3u
#EXTINF:-1 group-title="ALL- LISTS" tvg-logo="https://flagpedia.net/data/flags/h80/.png", Arabia
#EXTVLCOPT:http-player-type=m3u
https://iptv-org.github.io/iptv/countries/sa.m3u
#EXTINF:-1 group-title="ALL- LISTS" tvg-logo="https://flagpedia.net/data/flags/h80/.png", Senegal
#EXTVLCOPT:http-player-type=m3u
https://iptv-org.github.io/iptv/countries/sn.m3u
#EXTINF:-1 group-title="ALL- LISTS" tvg-logo="https://flagpedia.net/data/flags/h80/.png", Serbia
#EXTVLCOPT:http-player-type=m3u
https://iptv-org.github.io/iptv/countries/rs.m3u
#EXTINF:-1 group-title="ALL- LISTS" tvg-logo="https://flagpedia.net/data/flags/h80/.png", Seychelles
#EXTVLCOPT:http-player-type=m3u
https://iptv-org.github.io/iptv/countries/sc.m3u
#EXTINF:-1 group-title="ALL- LISTS" tvg-logo="https://flagpedia.net/data/flags/h80/.png", Leone
#EXTVLCOPT:http-player-type=m3u
https://iptv-org.github.io/iptv/countries/sl.m3u
#EXTINF:-1 group-title="ALL- LISTS" tvg-logo="https://flagpedia.net/data/flags/h80/.png", Singapore
#EXTVLCOPT:http-player-type=m3u
https://iptv-org.github.io/iptv/countries/sg.m3u
#EXTINF:-1 group-title="ALL- LISTS" tvg-logo="https://flagpedia.net/data/flags/h80/.png", Maarten
#EXTVLCOPT:http-player-type=m3u
https://iptv-org.github.io/iptv/countries/sx.m3u
#EXTINF:-1 group-title="ALL- LISTS" tvg-logo="https://flagpedia.net/data/flags/h80/.png", Slovakia
#EXTVLCOPT:http-player-type=m3u
https://iptv-org.github.io/iptv/countries/sk.m3u
#EXTINF:-1 group-title="ALL- LISTS" tvg-logo="https://flagpedia.net/data/flags/h80/.png", Slovenia
#EXTVLCOPT:http-player-type=m3u
https://iptv-org.github.io/iptv/countries/si.m3u
#EXTINF:-1 group-title="ALL- LISTS" tvg-logo="https://flagpedia.net/data/flags/h80/.png", Islands
#EXTVLCOPT:http-player-type=m3u
https://iptv-org.github.io/iptv/countries/sb.m3u
#EXTINF:-1 group-title="ALL- LISTS" tvg-logo="https://flagpedia.net/data/flags/h80/.png", Somalia
#EXTVLCOPT:http-player-type=m3u
https://iptv-org.github.io/iptv/countries/so.m3u
#EXTINF:-1 group-title="ALL- LISTS" tvg-logo="https://flagpedia.net/data/flags/h80/.png", Africa
#EXTVLCOPT:http-player-type=m3u
https://iptv-org.github.io/iptv/countries/za.m3u
#EXTINF:-1 group-title="ALL- LISTS" tvg-logo="https://flagpedia.net/data/flags/h80/.png", Islands
#EXTVLCOPT:http-player-type=m3u
https://iptv-org.github.io/iptv/countries/gs.m3u
#EXTINF:-1 group-title="ALL- LISTS" tvg-logo="https://flagpedia.net/data/flags/h80/.png", Korea
#EXTVLCOPT:http-player-type=m3u
https://iptv-org.github.io/iptv/countries/kr.m3u
#EXTINF:-1 group-title="ALL- LISTS" tvg-logo="https://flagpedia.net/data/flags/h80/san-gwangyeoks.png", Busan-gwangyeoksi
#EXTVLCOPT:http-player-type=m3u
https://iptv-org.github.io/iptv/subdivisions/kr-26.m3u
#EXTINF:-1 group-title="ALL- LISTS" tvg-logo="https://flagpedia.net/data/flags/h80/ungcheongbuk-d.png", Chungcheongbuk-do
#EXTVLCOPT:http-player-type=m3u
https://iptv-org.github.io/iptv/subdivisions/kr-43.m3u
#EXTINF:-1 group-title="ALL- LISTS" tvg-logo="https://flagpedia.net/data/flags/h80/egu-gwangyeoks.png", Daegu-gwangyeoksi
#EXTVLCOPT:http-player-type=m3u
https://iptv-org.github.io/iptv/subdivisions/kr-27.m3u
#EXTINF:-1 group-title="ALL- LISTS" tvg-logo="https://flagpedia.net/data/flags/h80/ejeon-gwangyeoks.png", Daejeon-gwangyeoksi
#EXTVLCOPT:http-player-type=m3u
https://iptv-org.github.io/iptv/subdivisions/kr-30.m3u
#EXTINF:-1 group-title="ALL- LISTS" tvg-logo="https://flagpedia.net/data/flags/h80/ngwon-d.png", Gangwon-do
#EXTVLCOPT:http-player-type=m3u
https://iptv-org.github.io/iptv/subdivisions/kr-42.m3u
#EXTINF:-1 group-title="ALL- LISTS" tvg-logo="https://flagpedia.net/data/flags/h80/eonggi-d.png", Gyeonggi-do
#EXTVLCOPT:http-player-type=m3u
https://iptv-org.github.io/iptv/subdivisions/kr-41.m3u
#EXTINF:-1 group-title="ALL- LISTS" tvg-logo="https://flagpedia.net/data/flags/h80/eongsangbuk-d.png", Gyeongsangbuk-do
#EXTVLCOPT:http-player-type=m3u
https://iptv-org.github.io/iptv/subdivisions/kr-47.m3u
#EXTINF:-1 group-title="ALL- LISTS" tvg-logo="https://flagpedia.net/data/flags/h80/eongsangnam-d.png", Gyeongsangnam-do
#EXTVLCOPT:http-player-type=m3u
https://iptv-org.github.io/iptv/subdivisions/kr-48.m3u
#EXTINF:-1 group-title="ALL- LISTS" tvg-logo="https://flagpedia.net/data/flags/h80/ju-teukbyeoljachid.png", Jeju-teukbyeoljachido
#EXTVLCOPT:http-player-type=m3u
https://iptv-org.github.io/iptv/subdivisions/kr-49.m3u
#EXTINF:-1 group-title="ALL- LISTS" tvg-logo="https://flagpedia.net/data/flags/h80/ollabuk-d.png", Jeollabuk-do
#EXTVLCOPT:http-player-type=m3u
https://iptv-org.github.io/iptv/subdivisions/kr-45.m3u
#EXTINF:-1 group-title="ALL- LISTS" tvg-logo="https://flagpedia.net/data/flags/h80/ollanam-d.png", Jeollanam-do
#EXTVLCOPT:http-player-type=m3u
https://iptv-org.github.io/iptv/subdivisions/kr-46.m3u
#EXTINF:-1 group-title="ALL- LISTS" tvg-logo="https://flagpedia.net/data/flags/h80/oul-teukbyeols.png", Seoul-teukbyeolsi
#EXTVLCOPT:http-player-type=m3u
https://iptv-org.github.io/iptv/subdivisions/kr-11.m3u
#EXTINF:-1 group-title="ALL- LISTS" tvg-logo="https://flagpedia.net/data/flags/h80/san-gwangyeoks.png", Ulsan-gwangyeoksi
#EXTVLCOPT:http-player-type=m3u
https://iptv-org.github.io/iptv/subdivisions/kr-31.m3u
#EXTINF:-1 group-title="ALL- LISTS" tvg-logo="https://flagpedia.net/data/flags/h80/.png", Sudan
#EXTVLCOPT:http-player-type=m3u
https://iptv-org.github.io/iptv/countries/ss.m3u
#EXTINF:-1 group-title="ALL- LISTS" tvg-logo="https://flagpedia.net/data/flags/h80/.png", Spain
#EXTVLCOPT:http-player-type=m3u
https://iptv-org.github.io/iptv/countries/es.m3u
#EXTINF:-1 group-title="ALL- LISTS" tvg-logo="https://flagpedia.net/data/flags/h80/daluci.png", Andalucia
#EXTVLCOPT:http-player-type=m3u
https://iptv-org.github.io/iptv/subdivisions/es-an.m3u
#EXTINF:-1 group-title="ALL- LISTS" tvg-logo="https://flagpedia.net/data/flags/h80/ago.png", Aragon
#EXTVLCOPT:http-player-type=m3u
https://iptv-org.github.io/iptv/subdivisions/es-ar.m3u
#EXTINF:-1 group-title="ALL- LISTS" tvg-logo="https://flagpedia.net/data/flags/h80/turias.png", de
#EXTVLCOPT:http-player-type=m3u
https://iptv-org.github.io/iptv/subdivisions/es-as.m3u
#EXTINF:-1 group-title="ALL- LISTS" tvg-logo="https://flagpedia.net/data/flags/h80/naria.png", Canarias
#EXTVLCOPT:http-player-type=m3u
https://iptv-org.github.io/iptv/subdivisions/es-cn.m3u
#EXTINF:-1 group-title="ALL- LISTS" tvg-logo="https://flagpedia.net/data/flags/h80/still.png", Leon
#EXTVLCOPT:http-player-type=m3u
https://iptv-org.github.io/iptv/subdivisions/es-cl.m3u
#EXTINF:-1 group-title="ALL- LISTS" tvg-logo="https://flagpedia.net/data/flags/h80/stilla-l.png", Mancha
#EXTVLCOPT:http-player-type=m3u
https://iptv-org.github.io/iptv/subdivisions/es-cm.m3u
#EXTINF:-1 group-title="ALL- LISTS" tvg-logo="https://flagpedia.net/data/flags/h80/taluny.png", Catalunya
#EXTVLCOPT:http-player-type=m3u
https://iptv-org.github.io/iptv/subdivisions/es-ct.m3u
#EXTINF:-1 group-title="ALL- LISTS" tvg-logo="https://flagpedia.net/data/flags/h80/ut.png", Ceuta
#EXTVLCOPT:http-player-type=m3u
https://iptv-org.github.io/iptv/subdivisions/es-ce.m3u
#EXTINF:-1 group-title="ALL- LISTS" tvg-logo="https://flagpedia.net/data/flags/h80/tremadur.png", Extremadura
#EXTVLCOPT:http-player-type=m3u
https://iptv-org.github.io/iptv/subdivisions/es-ex.m3u
#EXTINF:-1 group-title="ALL- LISTS" tvg-logo="https://flagpedia.net/data/flags/h80/lici.png", Galicia
#EXTVLCOPT:http-player-type=m3u
https://iptv-org.github.io/iptv/subdivisions/es-ga.m3u
#EXTINF:-1 group-title="ALL- LISTS" tvg-logo="https://flagpedia.net/data/flags/h80/le.png", Balears
#EXTVLCOPT:http-player-type=m3u
https://iptv-org.github.io/iptv/subdivisions/es-ib.m3u
#EXTINF:-1 group-title="ALL- LISTS" tvg-logo="https://flagpedia.net/data/flags/h80/.png", Rioja
#EXTVLCOPT:http-player-type=m3u
https://iptv-org.github.io/iptv/subdivisions/es-ri.m3u
#EXTINF:-1 group-title="ALL- LISTS" tvg-logo="https://flagpedia.net/data/flags/h80/drid.png", de
#EXTVLCOPT:http-player-type=m3u
https://iptv-org.github.io/iptv/subdivisions/es-md.m3u
#EXTINF:-1 group-title="ALL- LISTS" tvg-logo="https://flagpedia.net/data/flags/h80/rcia.png", de
#EXTVLCOPT:http-player-type=m3u
https://iptv-org.github.io/iptv/subdivisions/es-mc.m3u
#EXTINF:-1 group-title="ALL- LISTS" tvg-logo="https://flagpedia.net/data/flags/h80/varra.png", de
#EXTVLCOPT:http-player-type=m3u
https://iptv-org.github.io/iptv/subdivisions/es-nc.m3u
#EXTINF:-1 group-title="ALL- LISTS" tvg-logo="https://flagpedia.net/data/flags/h80/i.png", Vasco
#EXTVLCOPT:http-player-type=m3u
https://iptv-org.github.io/iptv/subdivisions/es-pv.m3u
#EXTINF:-1 group-title="ALL- LISTS" tvg-logo="https://flagpedia.net/data/flags/h80/lenciana.png", Comunidad
#EXTVLCOPT:http-player-type=m3u
https://iptv-org.github.io/iptv/subdivisions/es-vc.m3u
#EXTINF:-1 group-title="ALL- LISTS" tvg-logo="https://flagpedia.net/data/flags/h80/.png", Lanka
#EXTVLCOPT:http-player-type=m3u
https://iptv-org.github.io/iptv/countries/lk.m3u
#EXTINF:-1 group-title="ALL- LISTS" tvg-logo="https://flagpedia.net/data/flags/h80/.png", Sudan
#EXTVLCOPT:http-player-type=m3u
https://iptv-org.github.io/iptv/countries/sd.m3u
#EXTINF:-1 group-title="ALL- LISTS" tvg-logo="https://flagpedia.net/data/flags/h80/.png", Suriname
#EXTVLCOPT:http-player-type=m3u
https://iptv-org.github.io/iptv/countries/sr.m3u
#EXTINF:-1 group-title="ALL- LISTS" tvg-logo="https://flagpedia.net/data/flags/h80/.png", Swaziland
#EXTVLCOPT:http-player-type=m3u
https://iptv-org.github.io/iptv/countries/sz.m3u
#EXTINF:-1 group-title="ALL- LISTS" tvg-logo="https://flagpedia.net/data/flags/h80/.png", Sweden
#EXTVLCOPT:http-player-type=m3u
https://iptv-org.github.io/iptv/countries/se.m3u
#EXTINF:-1 group-title="ALL- LISTS" tvg-logo="https://flagpedia.net/data/flags/h80/.png", Switzerland
#EXTVLCOPT:http-player-type=m3u
https://iptv-org.github.io/iptv/countries/ch.m3u
#EXTINF:-1 group-title="ALL- LISTS" tvg-logo="https://flagpedia.net/data/flags/h80/.png", Syria
#EXTVLCOPT:http-player-type=m3u
https://iptv-org.github.io/iptv/countries/sy.m3u
#EXTINF:-1 group-title="ALL- LISTS" tvg-logo="https://flagpedia.net/data/flags/h80/.png", Taiwan
#EXTVLCOPT:http-player-type=m3u
https://iptv-org.github.io/iptv/countries/tw.m3u
#EXTINF:-1 group-title="ALL- LISTS" tvg-logo="https://flagpedia.net/data/flags/h80/.png", Tajikistan
#EXTVLCOPT:http-player-type=m3u
https://iptv-org.github.io/iptv/countries/tj.m3u
#EXTINF:-1 group-title="ALL- LISTS" tvg-logo="https://flagpedia.net/data/flags/h80/.png", Tanzania
#EXTVLCOPT:http-player-type=m3u
https://iptv-org.github.io/iptv/countries/tz.m3u
#EXTINF:-1 group-title="ALL- LISTS" tvg-logo="https://flagpedia.net/data/flags/h80/.png", Thailand
#EXTVLCOPT:http-player-type=m3u
https://iptv-org.github.io/iptv/countries/th.m3u
#EXTINF:-1 group-title="ALL- LISTS" tvg-logo="https://flagpedia.net/data/flags/h80/.png", Togo
#EXTVLCOPT:http-player-type=m3u
https://iptv-org.github.io/iptv/countries/tg.m3u
#EXTINF:-1 group-title="ALL- LISTS" tvg-logo="https://flagpedia.net/data/flags/h80/.png", Tokelau
#EXTVLCOPT:http-player-type=m3u
https://iptv-org.github.io/iptv/countries/tk.m3u
#EXTINF:-1 group-title="ALL- LISTS" tvg-logo="https://flagpedia.net/data/flags/h80/.png", Tonga
#EXTVLCOPT:http-player-type=m3u
https://iptv-org.github.io/iptv/countries/to.m3u
#EXTINF:-1 group-title="ALL- LISTS" tvg-logo="https://flagpedia.net/data/flags/h80/.png", Tobago
#EXTVLCOPT:http-player-type=m3u
https://iptv-org.github.io/iptv/countries/tt.m3u
#EXTINF:-1 group-title="ALL- LISTS" tvg-logo="https://flagpedia.net/data/flags/h80/.png", Tunisia
#EXTVLCOPT:http-player-type=m3u
https://iptv-org.github.io/iptv/countries/tn.m3u
#EXTINF:-1 group-title="ALL- LISTS" tvg-logo="https://flagpedia.net/data/flags/h80/.png", Turkey
#EXTVLCOPT:http-player-type=m3u
https://iptv-org.github.io/iptv/countries/tr.m3u
#EXTINF:-1 group-title="ALL- LISTS" tvg-logo="https://flagpedia.net/data/flags/h80/.png", Turkmenistan
#EXTVLCOPT:http-player-type=m3u
https://iptv-org.github.io/iptv/countries/tm.m3u
#EXTINF:-1 group-title="ALL- LISTS" tvg-logo="https://flagpedia.net/data/flags/h80/.png", Islands
#EXTVLCOPT:http-player-type=m3u
https://iptv-org.github.io/iptv/countries/tc.m3u
#EXTINF:-1 group-title="ALL- LISTS" tvg-logo="https://flagpedia.net/data/flags/h80/.png", Tuvalu
#EXTVLCOPT:http-player-type=m3u
https://iptv-org.github.io/iptv/countries/tv.m3u
#EXTINF:-1 group-title="ALL- LISTS" tvg-logo="https://flagpedia.net/data/flags/h80/.png", Islands
#EXTVLCOPT:http-player-type=m3u
https://iptv-org.github.io/iptv/countries/vi.m3u
#EXTINF:-1 group-title="ALL- LISTS" tvg-logo="https://flagpedia.net/data/flags/h80/.png", Uganda
#EXTVLCOPT:http-player-type=m3u
https://iptv-org.github.io/iptv/countries/ug.m3u
#EXTINF:-1 group-title="ALL- LISTS" tvg-logo="https://flagpedia.net/data/flags/h80/.png", Ukraine
#EXTVLCOPT:http-player-type=m3u
https://iptv-org.github.io/iptv/countries/ua.m3u
#EXTINF:-1 group-title="ALL- LISTS" tvg-logo="https://flagpedia.net/data/flags/h80/.png", Emirates
#EXTVLCOPT:http-player-type=m3u
https://iptv-org.github.io/iptv/countries/ae.m3u
#EXTINF:-1 group-title="ALL- LISTS" tvg-logo="https://flagpedia.net/data/flags/h80/.png", Kingdom
#EXTVLCOPT:http-player-type=m3u
https://iptv-org.github.io/iptv/countries/uk.m3u
#EXTINF:-1 group-title="ALL- LISTS" tvg-logo="https://flagpedia.net/data/flags/h80/le.png", Wales
#EXTVLCOPT:http-player-type=m3u
https://iptv-org.github.io/iptv/subdivisions/gb-wls.m3u
#EXTINF:-1 group-title="ALL- LISTS" tvg-logo="https://flagpedia.net/data/flags/h80/.png", States
#EXTVLCOPT:http-player-type=m3u
https://iptv-org.github.io/iptv/countries/us.m3u
#EXTINF:-1 group-title="ALL- LISTS" tvg-logo="https://flagpedia.net/data/flags/h80/abam.png", Alabama
#EXTVLCOPT:http-player-type=m3u
https://iptv-org.github.io/iptv/subdivisions/us-al.m3u
#EXTINF:-1 group-title="ALL- LISTS" tvg-logo="https://flagpedia.net/data/flags/h80/ask.png", Alaska
#EXTVLCOPT:http-player-type=m3u
https://iptv-org.github.io/iptv/subdivisions/us-ak.m3u
#EXTINF:-1 group-title="ALL- LISTS" tvg-logo="https://flagpedia.net/data/flags/h80/izon.png", Arizona
#EXTVLCOPT:http-player-type=m3u
https://iptv-org.github.io/iptv/subdivisions/us-az.m3u
#EXTINF:-1 group-title="ALL- LISTS" tvg-logo="https://flagpedia.net/data/flags/h80/kansa.png", Arkansas
#EXTVLCOPT:http-player-type=m3u
https://iptv-org.github.io/iptv/subdivisions/us-ar.m3u
#EXTINF:-1 group-title="ALL- LISTS" tvg-logo="https://flagpedia.net/data/flags/h80/liforni.png", California
#EXTVLCOPT:http-player-type=m3u
https://iptv-org.github.io/iptv/subdivisions/us-ca.m3u
#EXTINF:-1 group-title="ALL- LISTS" tvg-logo="https://flagpedia.net/data/flags/h80/lorad.png", Colorado
#EXTVLCOPT:http-player-type=m3u
https://iptv-org.github.io/iptv/subdivisions/us-co.m3u
#EXTINF:-1 group-title="ALL- LISTS" tvg-logo="https://flagpedia.net/data/flags/h80/nnecticu.png", Connecticut
#EXTVLCOPT:http-player-type=m3u
https://iptv-org.github.io/iptv/subdivisions/us-ct.m3u
#EXTINF:-1 group-title="ALL- LISTS" tvg-logo="https://flagpedia.net/data/flags/h80/lawar.png", Delaware
#EXTVLCOPT:http-player-type=m3u
https://iptv-org.github.io/iptv/subdivisions/us-de.m3u
#EXTINF:-1 group-title="ALL- LISTS" tvg-logo="https://flagpedia.net/data/flags/h80/stric.png", Columbia
#EXTVLCOPT:http-player-type=m3u
https://iptv-org.github.io/iptv/subdivisions/us-dc.m3u
#EXTINF:-1 group-title="ALL- LISTS" tvg-logo="https://flagpedia.net/data/flags/h80/orid.png", Florida
#EXTVLCOPT:http-player-type=m3u
https://iptv-org.github.io/iptv/subdivisions/us-fl.m3u
#EXTINF:-1 group-title="ALL- LISTS" tvg-logo="https://flagpedia.net/data/flags/h80/orgi.png", Georgia
#EXTVLCOPT:http-player-type=m3u
https://iptv-org.github.io/iptv/subdivisions/us-ga.m3u
#EXTINF:-1 group-title="ALL- LISTS" tvg-logo="https://flagpedia.net/data/flags/h80/a.png", Guam
#EXTVLCOPT:http-player-type=m3u
https://iptv-org.github.io/iptv/subdivisions/us-gu.m3u
#EXTINF:-1 group-title="ALL- LISTS" tvg-logo="https://flagpedia.net/data/flags/h80/wai.png", Hawaii
#EXTVLCOPT:http-player-type=m3u
https://iptv-org.github.io/iptv/subdivisions/us-hi.m3u
#EXTINF:-1 group-title="ALL- LISTS" tvg-logo="https://flagpedia.net/data/flags/h80/ah.png", Idaho
#EXTVLCOPT:http-player-type=m3u
https://iptv-org.github.io/iptv/subdivisions/us-id.m3u
#EXTINF:-1 group-title="ALL- LISTS" tvg-logo="https://flagpedia.net/data/flags/h80/linoi.png", Illinois
#EXTVLCOPT:http-player-type=m3u
https://iptv-org.github.io/iptv/subdivisions/us-il.m3u
#EXTINF:-1 group-title="ALL- LISTS" tvg-logo="https://flagpedia.net/data/flags/h80/dian.png", Indiana
#EXTVLCOPT:http-player-type=m3u
https://iptv-org.github.io/iptv/subdivisions/us-in.m3u
#EXTINF:-1 group-title="ALL- LISTS" tvg-logo="https://flagpedia.net/data/flags/h80/w.png", Iowa
#EXTVLCOPT:http-player-type=m3u
https://iptv-org.github.io/iptv/subdivisions/us-ia.m3u
#EXTINF:-1 group-title="ALL- LISTS" tvg-logo="https://flagpedia.net/data/flags/h80/nsa.png", Kansas
#EXTVLCOPT:http-player-type=m3u
https://iptv-org.github.io/iptv/subdivisions/us-ks.m3u
#EXTINF:-1 group-title="ALL- LISTS" tvg-logo="https://flagpedia.net/data/flags/h80/ntuck.png", Kentucky
#EXTVLCOPT:http-player-type=m3u
https://iptv-org.github.io/iptv/subdivisions/us-ky.m3u
#EXTINF:-1 group-title="ALL- LISTS" tvg-logo="https://flagpedia.net/data/flags/h80/uisian.png", Louisiana
#EXTVLCOPT:http-player-type=m3u
https://iptv-org.github.io/iptv/subdivisions/us-la.m3u
#EXTINF:-1 group-title="ALL- LISTS" tvg-logo="https://flagpedia.net/data/flags/h80/in.png", Maine
#EXTVLCOPT:http-player-type=m3u
https://iptv-org.github.io/iptv/subdivisions/us-me.m3u
#EXTINF:-1 group-title="ALL- LISTS" tvg-logo="https://flagpedia.net/data/flags/h80/rylan.png", Maryland
#EXTVLCOPT:http-player-type=m3u
https://iptv-org.github.io/iptv/subdivisions/us-md.m3u
#EXTINF:-1 group-title="ALL- LISTS" tvg-logo="https://flagpedia.net/data/flags/h80/ssachusett.png", Massachusetts
#EXTVLCOPT:http-player-type=m3u
https://iptv-org.github.io/iptv/subdivisions/us-ma.m3u
#EXTINF:-1 group-title="ALL- LISTS" tvg-logo="https://flagpedia.net/data/flags/h80/chiga.png", Michigan
#EXTVLCOPT:http-player-type=m3u
https://iptv-org.github.io/iptv/subdivisions/us-mi.m3u
#EXTINF:-1 group-title="ALL- LISTS" tvg-logo="https://flagpedia.net/data/flags/h80/nnesot.png", Minnesota
#EXTVLCOPT:http-player-type=m3u
https://iptv-org.github.io/iptv/subdivisions/us-mn.m3u
#EXTINF:-1 group-title="ALL- LISTS" tvg-logo="https://flagpedia.net/data/flags/h80/ssissipp.png", Mississippi
#EXTVLCOPT:http-player-type=m3u
https://iptv-org.github.io/iptv/subdivisions/us-ms.m3u
#EXTINF:-1 group-title="ALL- LISTS" tvg-logo="https://flagpedia.net/data/flags/h80/ssour.png", Missouri
#EXTVLCOPT:http-player-type=m3u
https://iptv-org.github.io/iptv/subdivisions/us-mo.m3u
#EXTINF:-1 group-title="ALL- LISTS" tvg-logo="https://flagpedia.net/data/flags/h80/ntan.png", Montana
#EXTVLCOPT:http-player-type=m3u
https://iptv-org.github.io/iptv/subdivisions/us-mt.m3u
#EXTINF:-1 group-title="ALL- LISTS" tvg-logo="https://flagpedia.net/data/flags/h80/brask.png", Nebraska
#EXTVLCOPT:http-player-type=m3u
https://iptv-org.github.io/iptv/subdivisions/us-ne.m3u
#EXTINF:-1 group-title="ALL- LISTS" tvg-logo="https://flagpedia.net/data/flags/h80/vad.png", Nevada
#EXTVLCOPT:http-player-type=m3u
https://iptv-org.github.io/iptv/subdivisions/us-nv.m3u
#EXTINF:-1 group-title="ALL- LISTS" tvg-logo="https://flagpedia.net/data/flags/h80/.png", Hampshire
#EXTVLCOPT:http-player-type=m3u
https://iptv-org.github.io/iptv/subdivisions/us-nh.m3u
#EXTINF:-1 group-title="ALL- LISTS" tvg-logo="https://flagpedia.net/data/flags/h80/.png", Jersey
#EXTVLCOPT:http-player-type=m3u
https://iptv-org.github.io/iptv/subdivisions/us-nj.m3u
#EXTINF:-1 group-title="ALL- LISTS" tvg-logo="https://flagpedia.net/data/flags/h80/.png", Mexico
#EXTVLCOPT:http-player-type=m3u
https://iptv-org.github.io/iptv/subdivisions/us-nm.m3u
#EXTINF:-1 group-title="ALL- LISTS" tvg-logo="https://flagpedia.net/data/flags/h80/.png", York
#EXTVLCOPT:http-player-type=m3u
https://iptv-org.github.io/iptv/subdivisions/us-ny.m3u
#EXTINF:-1 group-title="ALL- LISTS" tvg-logo="https://flagpedia.net/data/flags/h80/rt.png", Carolina
#EXTVLCOPT:http-player-type=m3u
https://iptv-org.github.io/iptv/subdivisions/us-nc.m3u
#EXTINF:-1 group-title="ALL- LISTS" tvg-logo="https://flagpedia.net/data/flags/h80/rt.png", Dakota
#EXTVLCOPT:http-player-type=m3u
https://iptv-org.github.io/iptv/subdivisions/us-nd.m3u
#EXTINF:-1 group-title="ALL- LISTS" tvg-logo="https://flagpedia.net/data/flags/h80/i.png", Ohio
#EXTVLCOPT:http-player-type=m3u
https://iptv-org.github.io/iptv/subdivisions/us-oh.m3u
#EXTINF:-1 group-title="ALL- LISTS" tvg-logo="https://flagpedia.net/data/flags/h80/lahom.png", Oklahoma
#EXTVLCOPT:http-player-type=m3u
https://iptv-org.github.io/iptv/subdivisions/us-ok.m3u
#EXTINF:-1 group-title="ALL- LISTS" tvg-logo="https://flagpedia.net/data/flags/h80/ego.png", Oregon
#EXTVLCOPT:http-player-type=m3u
https://iptv-org.github.io/iptv/subdivisions/us-or.m3u
#EXTINF:-1 group-title="ALL- LISTS" tvg-logo="https://flagpedia.net/data/flags/h80/nnsylvani.png", Pennsylvania
#EXTVLCOPT:http-player-type=m3u
https://iptv-org.github.io/iptv/subdivisions/us-pa.m3u
#EXTINF:-1 group-title="ALL- LISTS" tvg-logo="https://flagpedia.net/data/flags/h80/od.png", Island
#EXTVLCOPT:http-player-type=m3u
https://iptv-org.github.io/iptv/subdivisions/us-ri.m3u
#EXTINF:-1 group-title="ALL- LISTS" tvg-logo="https://flagpedia.net/data/flags/h80/ut.png", Carolina
#EXTVLCOPT:http-player-type=m3u
https://iptv-org.github.io/iptv/subdivisions/us-sc.m3u
#EXTINF:-1 group-title="ALL- LISTS" tvg-logo="https://flagpedia.net/data/flags/h80/nnesse.png", Tennessee
#EXTVLCOPT:http-player-type=m3u
https://iptv-org.github.io/iptv/subdivisions/us-tn.m3u
#EXTINF:-1 group-title="ALL- LISTS" tvg-logo="https://flagpedia.net/data/flags/h80/xa.png", Texas
#EXTVLCOPT:http-player-type=m3u
https://iptv-org.github.io/iptv/subdivisions/us-tx.m3u
#EXTINF:-1 group-title="ALL- LISTS" tvg-logo="https://flagpedia.net/data/flags/h80/a.png", Utah
#EXTVLCOPT:http-player-type=m3u
https://iptv-org.github.io/iptv/subdivisions/us-ut.m3u
#EXTINF:-1 group-title="ALL- LISTS" tvg-logo="https://flagpedia.net/data/flags/h80/rgini.png", Virginia
#EXTVLCOPT:http-player-type=m3u
https://iptv-org.github.io/iptv/subdivisions/us-va.m3u
#EXTINF:-1 group-title="ALL- LISTS" tvg-logo="https://flagpedia.net/data/flags/h80/shingto.png", Washington
#EXTVLCOPT:http-player-type=m3u
https://iptv-org.github.io/iptv/subdivisions/us-wa.m3u
#EXTINF:-1 group-title="ALL- LISTS" tvg-logo="https://flagpedia.net/data/flags/h80/sconsi.png", Wisconsin
#EXTVLCOPT:http-player-type=m3u
https://iptv-org.github.io/iptv/subdivisions/us-wi.m3u
#EXTINF:-1 group-title="ALL- LISTS" tvg-logo="https://flagpedia.net/data/flags/h80/.png", Uruguay
#EXTVLCOPT:http-player-type=m3u
https://iptv-org.github.io/iptv/countries/uy.m3u
#EXTINF:-1 group-title="ALL- LISTS" tvg-logo="https://flagpedia.net/data/flags/h80/.png", Uzbekistan
#EXTVLCOPT:http-player-type=m3u
https://iptv-org.github.io/iptv/countries/uz.m3u
#EXTINF:-1 group-title="ALL- LISTS" tvg-logo="https://flagpedia.net/data/flags/h80/.png", Vanuatu
#EXTVLCOPT:http-player-type=m3u
https://iptv-org.github.io/iptv/countries/vu.m3u
#EXTINF:-1 group-title="ALL- LISTS" tvg-logo="https://flagpedia.net/data/flags/h80/.png", City
#EXTVLCOPT:http-player-type=m3u
https://iptv-org.github.io/iptv/countries/va.m3u
#EXTINF:-1 group-title="ALL- LISTS" tvg-logo="https://flagpedia.net/data/flags/h80/.png", Venezuela
#EXTVLCOPT:http-player-type=m3u
https://iptv-org.github.io/iptv/countries/ve.m3u
#EXTINF:-1 group-title="ALL- LISTS" tvg-logo="https://flagpedia.net/data/flags/h80/agu.png", Aragua
#EXTVLCOPT:http-player-type=m3u
https://iptv-org.github.io/iptv/subdivisions/ve-d.m3u
#EXTINF:-1 group-title="ALL- LISTS" tvg-logo="https://flagpedia.net/data/flags/h80/r.png", Lara
#EXTVLCOPT:http-player-type=m3u
https://iptv-org.github.io/iptv/subdivisions/ve-k.m3u
#EXTINF:-1 group-title="ALL- LISTS" tvg-logo="https://flagpedia.net/data/flags/h80/.png", Vietnam
#EXTVLCOPT:http-player-type=m3u
https://iptv-org.github.io/iptv/countries/vn.m3u
#EXTINF:-1 group-title="ALL- LISTS" tvg-logo="https://flagpedia.net/data/flags/h80/.png", Futuna
#EXTVLCOPT:http-player-type=m3u
https://iptv-org.github.io/iptv/countries/wf.m3u
#EXTINF:-1 group-title="ALL- LISTS" tvg-logo="https://flagpedia.net/data/flags/h80/.png", Sahara
#EXTVLCOPT:http-player-type=m3u
https://iptv-org.github.io/iptv/countries/eh.m3u
#EXTINF:-1 group-title="ALL- LISTS" tvg-logo="https://flagpedia.net/data/flags/h80/.png", Yemen
#EXTVLCOPT:http-player-type=m3u
https://iptv-org.github.io/iptv/countries/ye.m3u
#EXTINF:-1 group-title="ALL- LISTS" tvg-logo="https://flagpedia.net/data/flags/h80/.png", Zambia
#EXTVLCOPT:http-player-type=m3u
https://iptv-org.github.io/iptv/countries/zm.m3u
#EXTINF:-1 group-title="ALL- LISTS" tvg-logo="https://flagpedia.net/data/flags/h80/.png", Zimbabwe
#EXTVLCOPT:http-player-type=m3u
https://iptv-org.github.io/iptv/countries/zw.m3u
#EXTINF:-1 group-title="ALL- LISTS" tvg-logo="https://flagpedia.net/data/flags/h80/.png", International
#EXTVLCOPT:http-player-type=m3u
https://iptv-org.github.io/iptv/countries/int.m3u
